name,DIV@24
Picabo Street,0.5623237671169221
Bradley Cooper,0.5609490891130144
Siti Badriah,0.543127308539834
H.E.R.,0.541804098778168
Toše Proeski,0.5411292030190087
Martin Scorsese,0.5313303921561254
Ayim Mukhamedjanova,0.5305097049954675
Takeshi Kaneshiro,0.5212829692257727
Diana Hayden,0.5080522033607522
Kathem Al-Saher,0.5064524657070029
Nikhil Advani,0.5017046768161435
Jason Bateman,0.49058924230228157
Ricky Schroder,0.487858251724028
Cicely Tyson,0.48585383907636803
Tim Robbins,0.48042407038603274
Diya Mirza,0.47941416667968434
Joseph Gordon-Levitt,0.4784550627565765
Cote de Pablo,0.478105388961626
Chen Daoming,0.4780382602796797
Ronaldinho,0.4762383104926819
Shirley MacLaine,0.47586090735887
Tom Hardy,0.4732398106253526
Yalitza Aparicio,0.4725636729374623
Hu Ge,0.4721493949941178
Yassi Pressman,0.4720679803365184
Ranbir Kapoor,0.4716580314484274
Simone Manuel,0.4705357418153608
Ayesha Takia,0.4703371473306383
Ian Somerhalder,0.4694557228579476
Salman Ahmad,0.46734819289097124
Rosie Perez,0.4654898104872647
Sandhya Mridul,0.46526168416922054
Marilyn Monroe,0.46422839355083473
Kirsten Dunst,0.4618609474195305
Allu Arjun,0.46174966847049864
Antonio Aguilar,0.4607660300068323
Zhou Xun,0.4601563643420073
Sebastian Castro,0.4591178439127542
Yoo Jae-suk,0.45133857030519003
Gauhar Khan,0.45127414599907784
Anil Kapoor,0.44972028675485093
Sara Ali Khan,0.4476234641164021
Miranada Ayim,0.44737156932805955
Meryl Streep,0.44689834186023275
Shaggy,0.4446123485209948
Sanjay Dutt,0.44272572029216845
Haley Joel Osment,0.44212581368927295
Frank Lampard,0.4407859154091671
Joey Yung,0.4378789953136358
Lupita Tovar,0.437520740274133
Laura Dern,0.4373295892018471
Genelia D'Souza,0.4370244537254933
Gabby Douglas,0.4364083610354967
Elisabeth Moss,0.4338227947315208
King Kapisi,0.43165167298133394
Vince Vaughn,0.4312252275104494
Madhubala,0.43080926729111013
Chavela Vargas,0.4306773975644893
Gong Hyo-jin,0.42970643387483437
Ann Kok,0.42903141800199546
Park Shin-hye,0.42885037055274755
Won Bin,0.42838393276761016
Reese Witherspoon,0.42824843285747455
Arjun Kapoor,0.42696336608263047
Paul Rudd,0.4268383226572947
Park Ji-sung,0.42658439214586896
Eli Manning,0.4259581674147955
Jessica Mauboy,0.4253286009362373
Jeremy Irons,0.4251813121660771
Luis Miguel,0.4249320499085037
Rafael Amaya,0.42416686684126276
Nicki Minaj,0.4231385377082401
Tom Daley,0.42242046215167034
Esai Morales,0.42238928764370826
Billy Bob Thornton,0.4221194855521932
Henry Thomas,0.42160342981731164
Kishore Kumar,0.4215171396592244
Venus Williams,0.42151209672625706
Rachel McAdams,0.42118295915316356
Ryan Gosling,0.4206442190519897
Jennifer Lawrence,0.42057297802950283
Sissy Spacek,0.42030016879758286
Kamal Haasan,0.4202707886548634
Shizuka Arakawa,0.4201391066302584
Virat Kohli,0.4194524313117556
Teuila Blakely,0.419130325250136
Erke Esmahan,0.41909908423888736
Joaquín Guzmán,0.4183278319483427
Ha Dong Hoon,0.41676406424780876
Millie Bobby Brown,0.4164374795091745
Carly Patterson,0.4157223684933717
Reggie Miller,0.4149614895648643
Remo D'Souza,0.4139725049552288
Daniel Kaluuya,0.4136205860091069
Karthik Sivakumar,0.4134401123186759
Jessica Alba,0.4129537752029882
Shekhar Kapur,0.41128997962114916
Kunal Kapoor,0.41125617987665936
Cathy Freeman,0.41094683930848924
Arnold Schwarzenegger,0.4093719862686391
Jung Woo-sung,0.40858573412033466
Kevin Costner,0.4084225657094937
Rana Daggubati,0.4081435204780611
Dato’ Sri Siti Nurhaliza,0.4075266466902016
Mindy Kaling,0.4070305347041819
Nichkhun,0.4065968147680004
Esha Deol,0.4057207706508233
Tuba Büyüküstün,0.40514486156890567
Rila Fukushima,0.40509131760848255
Rafael Nadal,0.40500204444549165
Chen Hanwei,0.4048596440822392
Myriam Hernández,0.40444018003322846
Soledad Pastorutti,0.40427414674842166
Alexis Sanchez,0.40412759585262564
Julia Roberts,0.4037477994524072
Wang Meng,0.40317135836923623
Benicio del Toro,0.4031334044980938
Fahad Mustafa,0.4030120473981184
Will Smith,0.4012879787202987
Neymar Jr.,0.4006744924353347
Lee Young-ae,0.4006624000521013
Jamie Foxx,0.4000260524055801
Dulquer Salmaan,0.3997463193758441
Usain Bolt,0.399649451528543
Dilip Kumar,0.398800644441875
David Archuleta,0.39814335280575547
Neha Sharma,0.3979536995153517
Juanes,0.3973569064749541
Jayasurya,0.39683502422080424
Isyana Sarasvati,0.39663342711662447
Arif Lohar,0.39630131585802825
Sahil Khan,0.3951809007083061
Alex Rendell,0.39507813010697773
Huang Xiaoming,0.3944468443825098
Kal Penn,0.3940641826350561
Kajal Aggarwal,0.39367684848033235
Ryan Reynolds,0.3931325175888108
Priyanka Chopra,0.3928504849591978
Hakeem Olajuwon,0.3921444319358385
Geoffrey Rush,0.3919344817512327
Andy Serkis,0.3918675052358817
Andre Agassi,0.39168334215801875
Dolly Parton,0.39160974921571995
Shailene Woodley,0.38982414579682817
Guillermo del Toro,0.38980516369278306
Renée Zellweger,0.38963248467972017
Tatchakorn Yeerum,0.38913447406969226
Sterling K,0.3887533845610583
Joe Odagiri,0.38855243463901773
Steven Yeun,0.3884862030415052
Sadio Mané,0.3883022037336962
Constance Song,0.3881781184381858
Donald Glover,0.3878808206603688
Judi Dench,0.38768266453608957
Haley Bennett,0.386853507659723
Simran Bagga,0.3866627762792776
John Leguizamo,0.3859494772111309
Yulduz Usmanova,0.3858778778634586
Mark-Paul Gosselaar,0.3857110709632952
Haifa Wehbe,0.38521839996683305
Olga Korbut,0.3846372732720524
Romelu Lukaku,0.38449298602659315
Elodie Yung,0.38324004297893843
Melissa Viviane Jefferson,0.38271174769488064
Heather Headley,0.3826431449797798
Eduardo Yáñez,0.38263906872875336
Jordan Rodrigues,0.38170546701371605
Ko Chen-tung,0.38141569787071905
Jennifer Hudson,0.38126700151289333
Kangana Ranaut,0.38122544479732295
Olamide,0.3805995074998159
Sanya Malhotra,0.3804784342552478
Gillian Anderson,0.3798705544179474
Gina Torres,0.37973869763179086
Geeta Phogat,0.3792274867710617
Selena Quintanilla,0.3779565894488697
Jaime Camil,0.37775665237895883
Jefri Nichol,0.3777552886231305
Dan Sultan,0.3776338899873437
José José,0.3775536783626386
Harry Kane,0.3770603837028872
Janhvi Kapoor,0.3770589501864949
Sai Pallavi,0.3769105505681301
Zo In-sung,0.3762185672512139
Jay Chou,0.37612498475636474
Komal Jha,0.37594221358624197
Regina King,0.3757864168795682
Tabassum Fatima Hashmi,0.37560476607703425
Yoon Eun-hye,0.37559612710339046
Didier Drogba,0.37544185686821985
Mark Rothko,0.3753944457778518
Coco Lee,0.3753482836351136
Rihanna,0.37532318636098294
Trisha Krishnan,0.3749270322100616
Pele,0.3745715130147859
Zanjoe Marudo,0.37435340832367586
Prabhas,0.37415746263980537
Mahesh Babu,0.37413708738369894
Bunga Citra Lestari,0.3741344452707244
Pierce Brosnan,0.37393467068155345
Liam Hemsworth,0.37380720356036673
Anita Yuen,0.37368169214033836
Michelle Ye,0.3731678740151921
Annette Bening,0.37301285692969427
Jordan Peele,0.37277757388782423
Alia Bhatt,0.37275841207364663
Michelle Rodriguez,0.3717226133757425
Freddy Adu,0.37137847509065985
America Ferrera,0.37091508905625564
Joe Taslim,0.3707085476989714
Yohan Blake,0.37066408160685266
Fernanda Montenegro,0.370388974998491
Shawn Johnson,0.36977820126073163
Al Pacino,0.3695174059223421
Neelofa,0.36941819184609614
M.I.A.,0.3693531426982322
Zahra Amir Ebrahimi,0.36929565252908597
John Abraham,0.3689361260275305
Edward Norton,0.3688487921062566
Yuna,0.3687649741172552
Michael Douglas,0.36874617825313444
Kim Woo-bin,0.36859106533527797
Daley Thompson,0.3683541598775492
Arifin Putra,0.3681514598415099
Christoph Waltz,0.36797511703692837
Chrissie Chau,0.36797255840870485
Raveena Tandon,0.3671163800515396
Takeshi Terauchi,0.36684338208771833
Richard Gere,0.36674098848437514
Iwa Moto,0.36659247178797894
Pritviraj Sukumaran,0.36641725406101244
Naveen Kumar Gowda,0.36641106181484934
Gary Chaw,0.36615082652117154
Omar Sharif,0.36603341624393854
Choi Daniel,0.3660225897844976
Kate Beckinsale,0.36596670134629966
Sarah Menezes,0.36574327315155825
Trevor Noah,0.3650856788243208
Zendaya,0.36502368294238113
Kareem Abdul-Jabbar,0.3645463631862542
Mohammed Rafi,0.3644556796202376
Chespirito,0.36433280854863365
Wang Leehom,0.36420823931738805
Diane Keaton,0.3640121226028288
Mark Ruffalo,0.36370864620727233
HyunA,0.3636049041230825
Ben Stiller,0.3632316022940214
Tia Carrere,0.3625662810900274
Daveed Diggs,0.3624849747323308
Landon Donovan,0.3622776713251959
Corey Feldman,0.3622550256678411
Eddie Peng,0.36212372496417805
Michael Jackson,0.36186797969571954
Varun Grover,0.36177662819649653
Satoshi Tajiri,0.36068268384173113
Wizkid,0.36057798669513774
Han Ga-in,0.3605476740352169
Ekin Cheng,0.36025199823392356
Akshay Kumar,0.36017914336142387
Leonardo DiCaprio,0.3600660536664575
Wang Lee Hom,0.3598715293994433
Tirunesh Dibaba,0.3595754781926906
Aziz Ansari,0.3588539095854781
Aaron Kwok,0.358354629335812
Pamela Anderson,0.3583144885413963
Mizuhara Kiko,0.3582827917735723
Mickey Rooney,0.35731692975790147
Wendy Sulca,0.3573152488114739
Bae Suzy,0.3573063437206048
Sarah Michelle Gellar,0.356671722914949
Benedict Cumberbatch,0.3564712639858212
Parveen Babi,0.35613784823671085
Uzo Aduba,0.3558383852488897
Sammy Davis Jr.,0.35579235569034195
Amit Sadh,0.35574174730734387
Zhao Wei,0.355634916403617
Bae Yong-joon,0.3552820735164149
Amrita Rao,0.35515111294561325
KJ Apa,0.3549935234182436
Winona Ryder,0.3548084457989249
Venkatesh Prabhu Kasthuri Raja,0.3545232798275439
Sridevi,0.3543265393127715
Sunny Leone,0.3543033474664843
Bhumi Pednekar,0.3538822601493809
Abby Wambach,0.35382997934253463
Assi El Helani,0.3538143961249245
Yuvraj Singh,0.35361685373799084
Ruby Lin,0.35341592399359456
Ellen Burstyn,0.35304489062789085
Halle Berry,0.3530262662158392
Mumtaz Sorcar,0.35292011356586744
Anne Hathaway,0.3524610236973484
Irrfan Khan,0.3523487859090347
Milla Jovovich,0.3523340641655935
Janel Parrish,0.35198915930236624
Barun Sobti,0.3518356863555809
Tatum O'Neal,0.3518278804531351
Taapsee Pannu,0.3517972483881014
A.B,0.3516714984880142
Angela Chang,0.35158669248714075
Elle Fanning,0.3511939007974784
Huma Qureshi,0.35116025023989544
Rainsford Qualley,0.35112824560793826
Fawad Khan,0.3511049848782814
Ha Ji-won,0.35083026635888864
Christiano Ronaldo,0.35068579521366394
Shraddha Kapoor,0.3505538013023388
Huang Shengyi,0.3502546428253018
Celia Cruz,0.35018554847309796
Stephen Chow,0.3498855532314951
Jackie Chan,0.349473824001099
Eric Wainaina,0.34943925625008126
Owen Wilson,0.34866912912534637
Kareena Kapoor,0.3484359320997316
Denzel Washington,0.3482703422813995
Bipasha Basu,0.34819880740328135
Omar Sy,0.3480420777576601
Anna Paquin,0.34796830614845736
Stephen Curry,0.3477302129520705
Rami Malek,0.34766786525109367
Kathy Griffin,0.3475478088890523
Yelena Isinbayeva,0.34741823260016425
Vijay,0.3472824702253356
Rimi Sen,0.34720717589839944
Yoo Ah-in,0.34717137283961286
Karl Malone,0.34686088814840393
Naveen Andrews,0.3466155803775974
Kim Tae-ri,0.34653883831869986
Chloé Zhao,0.3464145820652
Mercy Johnson,0.3461374055080553
Rekha,0.345586478782826
Urvashi Rautela,0.345547959950574
Sarah Paulson,0.3454164806448687
Osvaldo Ardiles,0.34511248408720685
N. T. Rama Rao Jr.,0.3449947886875104
Vijay Sethupathi,0.34493691957302647
Henry Lau,0.3447282341989195
Asghar Farhadi,0.3445539047628838
Mrunal Thakur,0.3443351936025873
Daniel Wu,0.34420385283135885
Benjamin Alire Sáenz,0.344099092688317
Moses Chan,0.34386377187733014
Edward James Olmos,0.34348808936827063
Emilia Clarke,0.3434634990014056
Rani Padmini,0.3433519932867904
Michael Owen,0.3429043583236222
Komal Aziz Khan,0.3427519913458245
Sebastian Stan,0.34219648334588776
Elissa,0.3419726334706063
Sammi Cheng,0.3417635114263213
Angelina Jolie,0.341385462718518
Noziya Karomatullo,0.34137914189840535
George Best,0.34132247808955274
Tony Leung Ka-fai,0.3412131820389
Kıvanç Tatlıtuğ,0.34116506271938435
Ileana D'Cruz,0.34090292240288517
José Alfredo Jiménez,0.34078839867775884
Kate Hudson,0.34067191093392685
Gugu Mbatha-Raw,0.34061209838283774
Kerry Washington,0.34050882704549773
Glenda Jackson,0.3404554147653503
George Clooney,0.3402965394398419
"Mario Moreno ""Cantinflas""",0.34011251019674904
Sarkodie,0.34009777193515783
Miroslav Klose,0.34006722185737814
Masami Kurumada,0.33949318570037823
Ding Junhui,0.33940136656970443
Toshiro Mifune,0.3384513630956549
Lorne Cardinal,0.3383843159596711
Dustin Hoffman,0.3380357811235019
Ichiro Suzuki,0.33798392885562434
Rajinikanth,0.3379232635638651
Amy Adams,0.33788928200862395
Spike Lee,0.337826884043154
Shriya Saran,0.33781234592315235
Tobey Maguire,0.3376041332690092
Song Ji-hyo,0.33756785856581323
Fernando Colunga,0.33724790554080614
Taika Waititi,0.33722628309553543
Rory McIlroy,0.3371073983731682
Kiara Advani,0.33705971675933516
Danica Patrick,0.3369668539293982
Madhuri Dixit,0.33651795630651776
Rosita Quintana,0.33607984244359185
Stephanie Cayo,0.3359319701378933
Iqbaal Dhiafakhri Ramadhan,0.3358389783247862
Danny DeVito,0.33582491526331654
Mario Van Peebles,0.3357652126203314
Artur Avila,0.3355716112255431
Jennie Finch,0.3352347418973248
Michael J,0.3352118735140699
Ken Jeong,0.33493379082076363
Warwick Thornton,0.3349170891814653
Andy Lau,0.3347706085921569
Salman Khan,0.3347304249272096
Yuzuru Hanyu,0.3345788575421497
Edward Yang,0.3338157845214693
Yuvan Shankar Raja,0.3334521953445795
Thandie Newton,0.33342868413701554
Zuria Vega,0.3333636550958903
Joey Lawrence,0.3333285915843295
Crystal Kay,0.3329832262476195
Viola Davis,0.33292471100148735
Zoya Akhtar,0.3328918943135294
Tim Duncan,0.3326780754294386
Martina Stoessel,0.3326156413688119
Bill Nighy,0.3324890363764746
Judy Garland,0.33242771915224734
Farhan Akhtar,0.33208667701547606
Lindsay Lohan,0.33187276280977834
Mia Hamm,0.3318629536436711
Meera,0.3318610086330983
Swara Bhaskar,0.33184617843170083
Sanam Saeed,0.33178314532746744
Sudeep,0.3314051286750964
Kobe Bryant,0.3313423869929771
Billie Jean King,0.3313087602201191
Chiranjeevi,0.3311143502218112
Patricia Arquette,0.3311043542057883
Aarif Rahman,0.3308145840847885
Troy Polamalu,0.33068188991661246
Mary Kom,0.3306619193027641
Sean Bean,0.3305828218118039
Sofia Boutella,0.3305264865649362
Linda Chung,0.3304275475661607
Karthi,0.3304056939300874
Nadia Comăneci,0.3301811486713906
Guo Jingjing,0.33007839163948755
Juan Luis Guerra,0.330058551448127
Wagner Moura,0.3297241643043563
Kento Yamazaki,0.32956674234658
Vidya Balan,0.3293410899691328
Thierry Henry,0.32930750511586676
Ken Watanabe,0.32929064416687287
Joaquin Phoenix,0.3292303477011142
Ayushmann Khurrana,0.32902560308476
Zeenat Aman,0.32900044108657495
Anthony Mackie,0.32873232698781163
Mel Gibson,0.3287232234264886
Priyamani,0.3286263339403542
Elizabeth Taylor,0.32819581710143964
Toni Collette,0.32800174979013996
Apichatpong Weerasethakul,0.32792608238801974
Seth Rogen,0.32757045282768305
Tenzing Norgay Trainor,0.32755960364529296
Jermaine Leef,0.327542745267567
Hrithik Roshan,0.32739491806983484
Camila Cabello,0.3273683159746992
Zhang Ziyi,0.3273440752475551
Amyra Dastur,0.3273350302745863
Chris Rock,0.32720672139400653
Carlos Santana,0.32715467836784656
Maryam Mirzakhani,0.3270571414694418
Sharmeen Obaid-Chinoy,0.32662264324951734
Oscar Isaac,0.32654961196953736
Ellyse Perry,0.3265285708114799
Han Chae-young,0.3264768199995726
Lee Jong-suk,0.32639765772764845
Rhea Chakraborty,0.32626619208582025
Diego Forlán,0.3262082760774362
Ariana Grande,0.32619280281215046
Akira,0.32615861800758145
Rupee,0.3260372120864586
Wayne Rooney,0.3254019867392171
Allyson Felix,0.32489931733017563
Ajith Kumar,0.3246626119665478
Tony Leung,0.3238823060019324
Anna Popplewell,0.3237530724848451
Meisa Kuroki,0.32371623224968066
Lucas Moura,0.3236421868483121
Natalie Dormer,0.3234118168204427
Siddharth Narayan,0.3231750523076424
Priyanka Bose,0.3231092384567304
Lee Ji-eun,0.32306293212516235
Karisma Kapoor,0.32269191337296055
Tatyana Ali,0.3225386129954991
Goran Višnjić,0.3221360035414673
Carlos Vives,0.3219490329144143
Serena Williams,0.32179111899586665
Donny Osmond,0.3217248096442628
Gabriella Sarmiento Wilson,0.3216104922690818
Anupama Parameswaran,0.3215475226341293
Adam Beach,0.3213945663818223
Johnny Depp,0.32137748168797947
Vanessa Hudgens,0.32124379396141756
Gabourey Sidibe,0.32118158021415594
Peter Scholze,0.32075749673117476
Catalina Sandino Moreno,0.32052101983083536
Lionel Messi,0.32012172008677525
Sota Fukushi,0.320033249305188
Kevin Spacey,0.3198994402173135
Naomie Harris,0.31984345324087055
Lindsey Lohan,0.3196053272256888
Burna Boy,0.31928285901063813
Nicholas Saputra,0.3189534176057538
Joaquín Sabina,0.3189366613212217
Chow Yun-fat,0.31890839002289095
Olga Kurylenko,0.318803188739022
Matamba,0.3183198933452285
Lola Yuldasheva,0.31781323461698585
Michelle Reis,0.31775641821488154
Leah Dizon,0.3175507912356572
Huang Bo,0.31740488946651385
Preetika Rao,0.3174032867754793
Soha Ali Khan,0.317354602500583
Daniel Radcliffe,0.3172220612034116
Sakshi Malik,0.3171741092592806
Wyclef Jean,0.3169699002353664
Abhishek Bachchan,0.31689879039829866
Eva Huang,0.3168550060270916
Ayesha Dharker,0.31648827614140795
Awkwafina (Nora Lum),0.31642835089505067
Suriya,0.3163875742788498
Agnes Monica,0.31626545659675553
Juan Gabriel,0.31605339469654
Xavier Dolan,0.31604081789899374
Ali Suliman,0.3158074127463744
Ning Jing,0.31564611304024465
Funke Akindele,0.3156094839488054
Tabu,0.31557399483799126
Octavia Spencer,0.3155445103572617
Franz Beckenbauer,0.31548686815106475
Dino Morea,0.3153533473414936
Maggie Q,0.3153406373608124
Roberto Baggio,0.3153354474901725
Asin,0.31514385681068513
Eden Hazard,0.31501141882578054
Ryoko Yonekura,0.31481418464749106
Raj Kapoor,0.3148134127172795
Tom Cruise,0.3147367421103997
Gaby Hoffmann,0.3146053429142537
Nastia Liukin,0.31459845667393294
Drew Barrymore,0.31438524547664326
Mona Zaki,0.31428940282522566
Tony Jaa,0.31427023086454475
Kwon Sang-woo,0.31425055291459175
Mohamed Salah,0.31382893480598684
Ray Romano,0.3137939672102593
Jun Ji-hyun,0.3137638299485033
Kurt Russell,0.3137553778982857
Stevie Wonder,0.3136820463359901
Nutan,0.31324480001147725
Faye Dunaway,0.31300100957502736
Luka Modrić,0.3124833240763177
Jodie Foster,0.3124569427625173
Emma Watson,0.3123475208595524
Nana Patekar,0.31208348672329045
Idris Elba,0.3115894438276477
Sajal Aly,0.31152230895820987
Liza Soberano,0.31143867123496766
Ravi (Kim Won-sik),0.3110584928444068
Adil Hussain,0.31101038127240643
Cheon Soo-yeon,0.3108889093060153
Nina Dobrev,0.3108533989051783
Shaquille O'Neal,0.310606588628122
Abdullah Al Rowaished,0.3104925997790045
Natalie Portman,0.3104696935673725
Muhammad Ali,0.3102168254733739
Deepika Padukone,0.30998171556849113
Magaly Medina,0.3099396627421357
Nayanthara,0.30969171145117874
Jim Carrey,0.3091789184174336
Matthew McConaughey,0.3091068209715227
Jin (Kim Seok-jin),0.309095073495082
Hiroomi Tosaka,0.30859001857562757
Bruce Willis,0.3085499311166519
Hilary Duff,0.3085237969707363
Nana Mouskouri,0.3084853659960727
Maria Vasilevich,0.3084825039844877
Ferenc Puskás,0.30838018219395413
Riz Ahmed,0.3083364209642039
Janelle Monáe,0.3083041563695186
Roger Milla,0.3081974136372139
Sami Khan,0.3081418851312904
Wes Studi,0.3080915322451128
Kim Soo-hyun,0.30807306109196564
Woody Harrelson,0.3080312653578682
Jon Hamm,0.30794524431821524
Dan Balan,0.30787834644816714
Madhavan,0.30774217904383483
Zoe Tay,0.30771009461230336
Sarah Jessica Parker,0.3076965742664957
Javier Bardem,0.3075912251999572
Luis Fonsi,0.307503450833261
Surya,0.30748802648453283
Jim Thorpe,0.3072258365520031
Malala Yousafzai,0.30694654878202704
Sania Mirza,0.30684154422293136
Priyanka Yoshikawa,0.3067895151044701
Alamgir,0.3067521443631579
Rudra Soni,0.3065555089427478
Taufik Batisah,0.30632494539039995
Gerard Piqué,0.30622670166171134
Verónica Cepede Royg,0.3059923515651502
Jeff Bridges,0.30591704430956174
Lucy Liu,0.30587611248440616
Diego Luna,0.3056215943227766
Samuel L,0.3052294103186116
Anushka Sharma,0.3049553002491979
Caster Semenya,0.30479717787060795
Mira Sethi,0.3047149938603885
Zain Imam,0.3045075184198813
Masaki Suda,0.30438422712025276
Ayumi Hamasaki,0.30398779901888767
Sigourney Weaver,0.30396618134824427
Nancy Kerrigan,0.3034636023332189
Michelle Wie,0.3032378039520096
Diana Penty,0.30263640551617405
Sebastian Coe,0.3026087158102518
Carmen Miranda,0.30260545583773957
Floyd Mayweather Jr.,0.3024901111918752
Benjamin Alves,0.3022006619376531
Javed Sheikh,0.30192509460974737
Rubén Blades,0.30192346072207504
Salma Hayek,0.3019076159122972
Michelle Pfeiffer,0.301748271655782
Kim Go-eun,0.3017405158700161
LeBron James,0.3016264599851276
Hadia Ghaleb,0.30147987525372155
Gal Gadot,0.301310569133288
Sarah-Jane Dias,0.3012151116453889
Naseeruddin Shah,0.30110862976814823
Billie Eilish,0.30092222079857844
Laurie Hernandez,0.3009022842900133
Yuna Kim,0.3006714960740244
Sunil Chhetri,0.3005846144498808
Nawazuddin Siddiqui,0.30052841398051
Rachel Weisz,0.3004795359972852
Aly Raisman,0.3004205254384499
Messi,0.300372543318856
Rita Moreno,0.30027636900465154
Ali Jee,0.3002177954232109
Léa Seydoux,0.30019073202983965
Twinkle Khanna,0.3001795255984466
Lee Joon-gi,0.29988743732389217
Park Min-young,0.2997058864990293
Khalil Fong,0.2995808225059776
R,0.29933058062795104
Chow Yun-Fat,0.2993279882067929
Parineeti Chopra,0.2993008163478931
Faye Wong,0.2991190993269551
Ruth Negga,0.2990709897406655
Hope Solo,0.29903688031473025
Kipchoge Keino,0.2989226936408056
Nong Thon,0.29880607611117616
Joseph Vijay,0.29872737323726745
Song Joong-ki,0.2985754961185441
Shontelle,0.2985505847291484
Hansika Motwani,0.298363134427849
Jennifer Connelly,0.2983501306668483
Kajol,0.2983249234710629
Jason Momoa,0.2982863386448019
Kate Winslet,0.29744832470511573
Noriko Sakai,0.29741198875816344
Toshe Proeski,0.29736125792056967
Lucas Hedges,0.29723779953943924
Cameron Diaz,0.2971457918589529
Jennifer Aniston,0.29702638435775097
Tina Yothers,0.29673041776905223
Disha Patani,0.2966040531445059
Fernando Valenzuela,0.29658907502957216
Bonnie Blair,0.2965345134247418
Ricky Ullman,0.29613340385459963
Kai Ko,0.2961121632240625
Hugh Jackman,0.2960867161663884
William Levy,0.2960008842179664
Dev Patel,0.2959797221220992
Amr Waked,0.2957501719502384
Gwyneth Paltrow,0.2956839027125086
Manolo Cardona,0.2956163083095801
Aishwarya Rai,0.29552092439130745
Ram Charan,0.2955066100090867
Alejandro Fernández,0.295342618595619
Alison Hinds,0.29532785958050756
Lavanya Tripathi,0.29532023818582837
Monica Bellucci,0.2950037030375133
Donnie Yen,0.29497598333215885
Brooke Shields,0.2949231866323517
Dame Maggie Smith,0.2948885611026763
Kenenisa Bekele,0.29474176785693795
Russell Crowe,0.29468946221956116
Charlton Heston,0.294326212320886
Ko So-young,0.29423384017823606
Hanis Zalikha,0.2941744887651016
James Earl Jones,0.2940466273697373
Benedict Wong,0.2939926951211941
Jimmy Smits,0.2939086600465987
Samantha Akkineni,0.293864099781698
Max Korzh,0.2937016531443343
Amy Poehler,0.29367962441524226
Rui Hachimura,0.29367703602621437
Jubin Nautiyal,0.2936685597508656
Zhao Tao,0.2935876576718906
Genevieve Nnaji,0.2932477881253697
Jaden Smith,0.2930851300584482
Yulimar Rojas,0.2929971657199519
Tom Hiddleston,0.29275910818193007
Shay Mitchell,0.29264921356631574
Yasmine Al Massri,0.29260202277645203
Feroze Khan,0.29197766049754753
Cover Drive,0.29193358812762277
Aamir Khan,0.29170261994614866
Wil Wheaton,0.2916937085291429
Son Ye-jin,0.29156920609577575
Christian Slater,0.29131422731349416
Isabel Allende,0.2912362825434261
Sushmita Sen,0.2912270272952008
Gabrielle Douglas,0.29116101996346067
Jackie Joyner-Kersee,0.29112510178244994
Jhumpa Lahiri,0.29091126466591966
Shannon Arrum Williams Lees,0.29077297246330014
Diljit Dosanjh,0.2907314580082938
Olivia Colman,0.29064796387001157
Cliff Curtis,0.29060940376273153
Ali Wong,0.29053995423341733
Nassar,0.29046181117219766
Jamala,0.2900850855585557
Steffi Graf,0.2900393813679277
Nadia Dajani,0.28998037645452296
Anna Kournikova,0.2898407093577535
Marta,0.28960184204822953
Naga Chaitanya,0.289428068399741
Nancy Ajram,0.28904810872905323
Julia Louis-Dreyfus,0.2889625907666988
Dhanush,0.2889504659568492
Peter Dinklage,0.28894685112954166
Ricardo Arjona,0.2887875426366538
Vaani Kapoor,0.28871223454678513
Takeshi Kitano,0.288618500481359
Birgit Fischer,0.28827347192901265
Ricardo Montalbán,0.288113800138229
Nithya Menen,0.2880927353789031
Ayase Haruka,0.28789329827407567
Rakul Preet Singh,0.28781878053137794
Maria Sharapova,0.28774237951491205
Nazym Ospanova,0.2874759579026492
A. R,0.28743498259623956
Dorothy Hamill,0.2872069681858732
Rosario Castellanos,0.2871330547826699
Phoebe Waller-Bridge,0.28698562772111547
Danny Denzongpa,0.2869375274419789
Sandra Oh,0.2869286242005431
Paul Pogba,0.28687297244079446
Ruth B,0.2868335103272582
Gong Yoo,0.28677530341688745
Chen Kun,0.2866006565340753
Susan Sarandon,0.28649723449691766
Eva Longoria,0.2864445250730173
Lupita Nyong'o,0.2859655458314424
Gisele Bündchen,0.28595373014040615
Kareena Kapoor Khan,0.28591397100767624
Celina Jaitley,0.2858302118907515
Pusarla Venkata Sindhu,0.28582280358364015
Siti Nurhaliza,0.28531170541037226
Chiwetel Ejiofor,0.2853031737167124
Park Bo-gum,0.2852410697467032
Elijah Wood,0.2851580969785574
Maria Mutola,0.28498163627432005
Jacob Vargas,0.2847357688774262
Ali Sethi,0.28472632634109313
Bruno Mars,0.2846911005998958
Dwayne Johnson,0.28444767847885477
Nicolas Cage,0.28426578582239304
Pooja Hegde,0.28423376143721024
Will Ferrell,0.28420991538026896
Manish Dayal,0.2840808831711498
Cecilia Cheung,0.28406613467069175
Ragheb Alama,0.28390870949750646
Zhang Jingchu,0.28377626659204647
Mammootty,0.2834000732551172
Michael Keaton,0.2832434692849151
Julianne Moore,0.2831478080678504
Vidyut Jammwal,0.2831138599389847
Edi Gathegi,0.28310582850964083
Leila Hatami,0.28304449305057355
Mithun Chakraborty,0.2830286853587829
Nikki Galrani,0.28301795606646085
Dimash Kudaibergen,0.28289290944707246
Sean Paul,0.2827838506225529
Fairuz,0.2825828634790584
Tamer Hosny,0.2824919537544148
Sean Connery,0.2823732688036861
Robert De Niro,0.28236038043882333
Clayton Kershaw,0.2823315106136193
Yash,0.28172287476174807
Ajay Devgn,0.2816538047573559
Farid Al-Attrash,0.2815887823628245
Kubbra Sait,0.2815282362697231
Gael García Bernal,0.28149158922156814
Ramsey Nouah,0.28126221625335773
Sarah Hughes,0.2811882413206896
Nadine Lustre,0.2811824698492706
Mila Kunis,0.28117598545101957
Awkwafina,0.2809639550031606
Anwar Maqsood,0.28088964991449566
Moon Geun-young,0.28044802029550175
Mathangi Arulpragasam,0.28039953924276756
Vicky Kaushal,0.2801343682173864
Atif Aslam,0.28005861528082754
Rupert Grint,0.27995562198467505
Kartik Aaryan,0.2798101010618393
Parviz Parastui,0.27980168085311546
Esperanza Spalding,0.27956980927517316
Diana Karazon,0.2793290838876772
Dmitry Koldun,0.2793145566782605
Uma Thurman,0.27927848527097904
Atharvaa,0.27914378871252477
Oscar De La Hoya,0.2790611421553462
Amanda Seyfried,0.27899125973039857
Sandara Park (Dara),0.27888568725464985
Iva Lamkum,0.2787451646328328
Lauren Gottlieb,0.27871809212577964
Lee Seung-gi,0.27797131217215987
Sidney Poitier,0.27794040379131607
Naomi Osaka,0.27794000040677846
Mohanlal,0.2777761723903896
Florence Griffith Joyner,0.27762401748353227
Neelam Kothari,0.2775521868971795
Maggie Cheung,0.2771535343489962
Arnel Pineda,0.2768649071386092
Fernanda Castillo,0.2768395514166738
Deborah Mailman,0.2767932134860783
Billy Crystal,0.2767758622055117
Hayao Miyazaki,0.2765591669673324
Eva Mendes,0.27645444639426653
Ken Chu,0.2763775344543681
Mary Lou Retton,0.2763074176782261
Constance Wu,0.27616330630362107
Tamannaah Bhatia,0.27591078080905945
Jessy Mendiola,0.2758656720714475
Pritam,0.27579782210616727
Shirley Temple,0.27576148116193844
Varun Dhawan,0.2756582440874129
Reshma Shetty,0.27565696526560424
Selena Gomez,0.2753517591146929
Anirudh Ravichander,0.27519990383055815
Jolin Tsai,0.27434692953649625
Lizzo,0.2741813915561328
Elçin Sangu,0.27406974664804357
Mickey Rourke,0.2740693393495892
Pawan Kalyan,0.27392986084275317
Raoul Bova,0.27380259782418565
Ronda Rousey,0.27376362223296946
Vera Mindy Chokalingam,0.2736358904848509
Siddharth,0.27359594738771487
Rani Mukerji,0.27359531816870153
Dharmendra,0.273589265529907
Ravichandran Ashwin,0.2735650464698939
Nikki Gil,0.2734519189142908
Djibril Cissé,0.2733487840248956
Malaika Arora,0.27328598211778293
Anushka Shetty,0.2732184627520951
Meera Jasmine,0.272986207636825
Jimmy O,0.2729859507411446
Maya Diab,0.272977333364389
Wesley Morris,0.2728817388620942
Rebecca Lobo,0.2727044608088511
Yoon Mi-rae,0.27269073730408516
Julie Estelle,0.2724830358268836
Jacqueline Fernandez,0.2723604405715044
Pierre Png,0.2720988212067059
Pankaj Tripathi,0.2719842573269019
Frankie Muniz,0.27189030813261694
Danica McKellar,0.2718166413862836
Maureen Connolly,0.2717146331255266
Danny Trejo,0.2716326019339247
Christina Aguilera,0.27161392419195296
Alex Morgan,0.27151929757246585
Choi Si-won,0.2713879378447563
Childish Gambino,0.27135653082856465
Forest Whitaker,0.2712912004618533
Natti Natasha,0.2712562954584666
Kapil Dev,0.27111634778068244
Cate Blanchett,0.27101406428354213
Constance Marie,0.270895556837225
Imran Khan,0.270866716286787
Brad Pitt,0.2701631428875199
Anna Chlumsky,0.2701243252666071
Hiroyuki Sanada,0.2700340827807829
Roselyn Sánchez,0.26997114056736915
Maudy Koesnaedi,0.26993014106189694
Katie Holmes,0.2696922535546918
Yumna Zaidi,0.26939038249074904
Steve Martin,0.26910706140115037
Ko Gyung-pyo,0.26908285832424156
Neil Patrick Harris,0.26903947998865696
Sachin Tendulkar,0.26901447995543876
Asif Ali,0.26899543176253526
Gary Oldman,0.2687116373716161
Taylor Swift,0.26868959862025205
Merle Dandridge,0.26858571880176496
Tessa Virtue,0.26854599038997556
Gian Marco Zignago,0.2684196098240979
Lisa (Lalisa Manoban),0.2683345863526178
Lee Byung-hun,0.2682124541887581
Osric Chau,0.2677608413440437
Sonam Kapoor,0.26772304853905754
Misty May-Treanor,0.26770803128319487
Ian McKellen,0.26759640623985753
Dev Anand,0.26750047749286787
Prabhu Deva,0.26740758379154766
Mesut Özil,0.26736391814676674
Sayyeshaa,0.2673491157199543
Lin Chi-ling,0.2671425025750427
Hasan Minhaj,0.266984011954642
Shruti Haasan,0.2668929981018623
Freida Pinto,0.2668857434361062
Sakshi Tanwar,0.2667769858764216
Pedro Infante,0.2667389967656338
Sohee (Ahn So-hee),0.2666846423810598
Ranveer Singh,0.2665773339289195
Demián Bichir,0.2665682888792012
Kaká,0.26644300473848914
Daisy Shah,0.26628637974347297
Zara Noor Abbas,0.26612193843959703
Bobby Fischer,0.26607498724891643
Abhay Deol,0.265846616809791
Ryu Jun-yeol,0.26580804348278325
Alyssa Naeher,0.2657770011012322
Glenn Close,0.26577617725918945
Girish Kulkarni,0.2657717899017167
Yami Gautam,0.26574525239883123
Anupam Kher,0.2657444667835091
Frances McDormand,0.26564372869082564
Sandra Bullock,0.2654413936913816
Meg Ryan,0.2652012084891559
Ben Kingsley,0.2651907254373252
Diego Maradona,0.2651079429943207
Bae Doona,0.2650088994763391
Manoj Bajpayee,0.26494203209325956
Carole Samaha,0.2649267618065519
Angelique Boyer,0.26476120488594324
Aikyn,0.2646966713019942
David Beckham,0.2646736208169598
Anita Mui,0.264477991469035
Ricardo Antonio Chavira,0.2643084036771348
Mara Wilson,0.26428629419168653
Rola,0.26415860116249307
Gulzhigit Kalykov,0.2640375336680652
Razane Jammal,0.26402008987717773
Hilary Swank,0.2639800943027894
Lee Hyori,0.26394318503778047
Wilma Rudolph,0.2638459459698473
Kevin Hart,0.26375065416966215
Steve Carell,0.26323294952840576
Tara Lipinski,0.26264471117991556
Mahershala Ali,0.26250211697053877
Michael Jordan,0.2624920569142085
Yukichi Yamashita,0.2623752349338204
Deng Chao,0.26234172524635824
Gulsim Ali,0.26232313079863584
Brie Larson,0.26203370299698087
Divya Dutta,0.2619425640934655
Mario Testino,0.2618275499201636
Kerri Strug,0.26125563051484135
Sayani Gupta,0.2612053505394326
Amala Paul,0.26109642583231324
David Rudisha,0.26098435065730685
Lindsey Vonn,0.26097249479396345
Boman Irani,0.26094389067162577
Martina Hingis,0.2608887547393326
Hideaki Anno,0.26084823961262893
Penélope Cruz,0.2607654025251359
Luna Maya,0.26069729602091946
Cristiano Ronaldo,0.2605495690785231
Jang Dong-gun,0.26049433193879107
Karen Mok,0.260394950049845
Shaan,0.2602573487555906
Sho Sakurai,0.2602454631986602
Nivetha Thomas,0.26020174476738733
Laima Vaikule,0.26002151080014557
Mihiro,0.25988805856453445
Fred Savage,0.2598387712842324
Chang Chen,0.2597283866744872
Mahendra Singh Dhoni,0.2596291866054195
Issa Rae,0.25954936570523374
Rami Ayash,0.25947874023636985
Jeon Do-yeon,0.25944274103719683
Kaliopi,0.25938790405978285
Richard Mofe-Damijo,0.2592204874153922
Aaron Carter,0.2591504576675136
S. P,0.25878152080051353
Jeon Hae-rim,0.25876395491164256
Alicia Vikander,0.25866090237463635
Tiwa Savage,0.25838833044617054
Elizabeth Olsen,0.2583785757800748
Mamta Kulkarni,0.25830203686971454
Emma Thompson,0.2582209005211722
Kei Nishikori,0.25818360811436547
Sonu Sood,0.2580913810458082
Karolina Gočeva,0.2580804948304893
Oka Antara,0.2580648463291914
Rosario Dawson,0.2580141399541037
Lisa Fernandez,0.258014005940719
Marina Nill,0.25794506549346785
Waheeda Rehman,0.25786386862902794
Gina Rodriguez,0.2577876003440863
Mary-Kate and Ashley Olsen,0.25775506095292433
Pete Edochie,0.2577013479227734
Lady Gaga,0.2575322582747273
Christian Bautista,0.25742157205659144
Graham Greene,0.2573597288622504
Aditi Rao Hydari,0.25695498250310295
Wayne Gretzky,0.25694504286041236
Dino Lee,0.25680660074267186
Jessica Chastain,0.25674703735843685
Naoto Takenaka,0.2566859512403276
Sessue Hayakawa,0.25659717684958
AngelaBaby (Yang Ying),0.25658749032834594
Mila Jovovic,0.2564325604945946
Prithviraj Sukumaran,0.2564209433516894
Lionel Richie,0.2564141331874153
David Tao,0.2563355528587967
RPB,0.25595675868376794
Alisher Uzoqov,0.2556987003027123
Jessica Ennis-Hill,0.25562126685491976
Juliette Binoche,0.25513979764147043
Kunal Khemu,0.2549498540806237
Britney Spears,0.2548352722455577
Kristi Yamaguchi,0.2547640897534034
Shahid Kapoor,0.2547625324947549
Shaun White,0.2546996760662992
Ding Ning,0.2546321341791276
Tadanobu Asano,0.2546239695372728
Rajkummar Rao,0.25431328574205153
Son Heung-min,0.25424324562217093
Jing Tian,0.2540683082485438
Kathy Bates,0.25386497259747437
Nawal El Kuwaitia,0.2536941336681859
Haruki Murakami,0.2532740549370345
Peyton Manning,0.2531735387114789
Rashmika Mandanna,0.25306397058988955
Shu Qi,0.25292684263238857
Niti Taylor,0.25283451910013033
Sean Astin,0.2527173644669199
Oprah Winfrey,0.2525540526663681
Saina Nehwal,0.2525217346163077
Rishi Kapoor,0.2521412777790854
Abigail Breslin,0.2520864594275109
James Franco,0.25204538032102086
Chung Hyeon,0.25196584882834383
Lea Michele,0.2516691391761678
Liam Neeson,0.25159352015891495
Fiona May,0.25126626153901443
Rade Šerbedžija,0.2512179837774405
Haile Gebrselassie,0.25097038874634814
Kendrick Lamar,0.25087036243475613
Jamie Lee Curtis,0.2506949978780073
Emma Stone,0.2506795915150388
Tracy Austin,0.2506544120757815
Djimon Hounsou,0.2505818850269766
Michael Fassbender,0.25056991763474024
Candice Swanepoel,0.2505090720414062
George Takei,0.25041272848161134
Ricardo Montaner,0.25038123277407176
Sonakshi Sinha,0.250142969810365
Sheena Ringo,0.25009547356877604
Saoirse Ronan,0.25003628394494265
Chen Bolin,0.2498469983972261
Osamu Tezuka,0.24976877521611227
Rinko Kikuchi,0.24964980768373643
Ralph Fiennes,0.24963836989115595
Auli'i Cravalho,0.2494918429068768
Marcel Hirscher,0.2494667907387704
José Ferrer,0.24897615101651785
Beto Cuevas,0.24855514354449162
Matt Damon,0.2484202962761223
Daniel Day-Lewis,0.24829971167194795
Frida Kahlo,0.24815114430059257
Shafqat Amanat Ali,0.24793788074680137
Letitia Wright,0.247823084997134
Raghav Juyal,0.24766875527335241
Yuki Kawauchi,0.24755363544050715
Kairat Nurtas,0.24755277897227737
Sylvester Stallone,0.24734137322995844
Helen Mirren,0.24711495457254187
Mouni Roy,0.2469708592289994
Sidharth Malhotra,0.24677916778401388
Christian Bale,0.2467086766965613
Roberto Gómez Bolaños,0.24643426550089764
Jr,0.24630670037265792
Maya Moore,0.24606030901037088
Margot Robbie,0.24603484887027374
Eugenio Derbez,0.24601263376969304
Bindi Irwin,0.2458962304743499
Kristofer Hivju,0.24549026354244916
Joseph Cheng,0.24537691608733012
Isha Talwar,0.24505404092994199
Helen Hunt,0.24496301664713907
Alina Zagitova,0.24422818889301937
Prateik Babbar,0.2441744161867763
Vishal Krishna,0.24391656585025726
Mohammed Zeeshan Ayyub,0.2438595016824844
Lawrence Wong,0.24377462588197005
Taraneh Alidoosti,0.24373817559771374
Thet Mon Myint,0.24345576595826704
Fann Wong,0.24340461299102054
Katarina Johnson-Thompson,0.24321924696860572
Hani Mitwasi,0.2426874772199726
Kim Hyo-yeon,0.2426646000319409
Sonoya Mizuno,0.24227264100176527
Jeon Ji-hyun,0.24225396698409965
Michael Phelps,0.24198008127416362
Vikram,0.2419388691898675
Manizha,0.24190538897905992
Ram Pothineni,0.24183679883496031
Shila Amzah,0.24182591697837127
Gary Coleman,0.24133879345074694
Vivian Cheruiyot,0.24118438207394424
Thalía,0.24107288132589258
Sharmila Tagore,0.24093332288958222
Tilda Swinton,0.24086749530109505
Chris Hemsworth,0.24082706864769068
Jake Gyllenhaal,0.2406409978151449
Rayhon,0.24059735467034957
Demi Lovato,0.24055794602323247
Jessica Lange,0.2404298073253988
Michelle Kwan,0.24042664071782838
Konkona Sen Sharma,0.24025127330879725
Kelly Chen,0.24023955898783889
Adriana Lima,0.2402061416913324
Kerli,0.24010751892393656
Nivin Pauly,0.23999551930598187
Akkineni Nagarjuna,0.23988108492745738
Katrina Kaif,0.23954210055070554
Maria Toorpakai Wazir,0.2392636845928867
Sarah Ayu,0.23916231943875674
Troy Aikman,0.2391173681288917
Arvind Swami,0.23905477349150864
Hina Khan,0.23893039030055443
Yvonne Okoro,0.23886307032316637
Hema Malini,0.23876799086455028
Nusrat Fateh Ali Khan,0.23869147596773943
Thora Birch,0.2384760307675665
Hyun Bin,0.2382452850562208
Mira Filzah,0.2381394753926702
Eugene,0.23808825987363913
Marsai Martin,0.23798899127397102
Crystal Reed,0.2378365798260461
Tiger Shroff,0.23770670537862848
Don Cheadle,0.23755792483984214
Harrison Ford,0.2375250327665334
Robert Downey Jr.,0.2375057670903475
Keanu Reeves,0.23748603279303235
John Dumelo,0.23743526956129904
Yvonne Nelson,0.2373678781608792
Arvydas Sabonis,0.2373563322783175
Zoe Saldaña,0.2373255964358438
Cardi B,0.23730076500123518
Muna Fadil,0.23716629662503216
Sasha Cohen,0.23697946448406218
Amitabh Bachchan,0.23693678802336585
Mahira Khan,0.23689929261866638
Rain (Jung Ji-hoon),0.23674695818808575
Tiger JK,0.23660883415010772
Macaulay Culkin,0.23646433880894216
Maudy Ayunda,0.23638089330874912
Tamannaah,0.23634785270426964
Sergio Agüero,0.23622008939157815
Lisa Leslie,0.2360940281599975
Larry Bird,0.23581683876143567
Tracee Ellis Ross,0.2357542609758588
Kang Ha-neul,0.23568965015493515
Scarlett Johansson,0.235366955782785
Temuera Morrison,0.23522062193636042
Kang So-ra,0.23504713094862498
Ricky Martin,0.23504599556959124
Tiger Woods,0.23468162891384195
Bill Murray,0.23460725139073127
Bobby Tonelli,0.23443209321324898
Ryan Giggs,0.2343049040614811
Jemaine Clement,0.2342892465998686
Fan Bingbing,0.2341829577172115
Los Kjarkas,0.23418250716006336
Maya Arulpragasam,0.23415553529344582
Aishwarya Rai Bachchan,0.23388020476849544
Robin Williams,0.2338584283337759
Eros Ramazzotti,0.23373199668731956
Crystal Lee,0.2335392838237679
Pedro Suárez Vértiz,0.2332308914061806
Ella Chen,0.23309724398984508
Justin Bieber,0.23306694068229725
Celina Jade,0.23284073142007292
Santana,0.2328390688639458
Mon Laferte,0.23209096225424009
So Ji-sub,0.2320706484266247
Liu Yifei,0.23205720441141756
Lakshmi Menon,0.23203610297595811
Grace Jones,0.2319905306966105
Paresh Rawal,0.23188595794093259
Ahmed Helmy,0.2314621649399452
Mylene Dizon,0.2313467893024742
Robert Pattinson,0.2312876876376487
Bob Marley,0.2311243642729465
Katie Ledecky,0.231085040427602
Kim Yoo-jin,0.2310569615263486
Macauley Culkin,0.23103465099525736
Carla Ortiz,0.23096758503616352
Masaharu Fukuyama,0.23095732432114746
Jung Yun-ho,0.23088725518257647
Jemal Saparowa,0.23068922059528138
Vicente Fernández,0.23015300718740597
Michelle Chong,0.2300247978400283
Novak Djokovic,0.22984305231445468
Tommy Lee Jones,0.22974477150464293
Ruslana Korshunova,0.22962630861756048
Dakota Fanning,0.22951499158550248
Isabelle Huppert,0.22947102958154872
Huang Yi,0.2293795783319498
Simone Biles,0.22926236997734228
Sri Divya,0.22859483462926303
Zhang Yimou,0.22844149714147174
John Cho,0.22823654638684251
Jose Antonio Vargas,0.2279896567805916
Roger Federer,0.22771563909876388
Mizushima Hiro,0.2274777359446627
Ricardo Darín,0.22741288948593716
Daniel Craig,0.22697282901342952
Benjamín Vicuña,0.22691073754618896
John Malkovich,0.22681143268946993
Shah Rukh Khan,0.2264905446264792
Eddie Redmayne,0.22592938173980848
Ethan Hawke,0.2258174305460232
Manisha Koirala,0.2256199137841589
Akhil Akkineni,0.22560375194550084
Tessa Thompson,0.225448191839569
Babe Didrikson Zaharias,0.22538546861457862
Natalie Wood,0.22510087585431782
Mamta Mohandas,0.22494936503033883
Shin Min-a,0.22493568010576723
Lil Rick,0.22431672708839676
Justin Timberlake,0.22420311515658298
Samuel Eto'o,0.22408109788001676
Gautham Karthik,0.22395587418405297
Miranda Tapsell,0.22379138668364748
Tony Yang,0.22334351660642235
Laurence Fishburne,0.22326302468613923
Rahul Khanna,0.2231138442604185
Jerrold Tarog,0.22295222079304397
Shanvi Srivastava,0.22288956032503593
Sofia Vergara,0.22257609397682085
Milton Cortez,0.22248092205650152
Zinedine Zidane,0.2224802903037989
Sarah Geronimo,0.2220303355141557
Gustavo Cerati,0.22201164490532346
Rodrigo Santoro,0.2218727236869034
Cynthia Nixon,0.22180724241344327
Anthony Hopkins,0.22180252115857627
Alexandria Ocasio-Cortez,0.2217599258431536
Shabana Azmi,0.22172850195580837
Anne Curtis,0.22158252836320572
Atiqa Odho,0.22148962948311382
Kim Hyun-ah,0.22140341258193766
Sivaji Ganesan,0.2208895507202248
Michelle Yeoh,0.220728669003723
Vijender Singh,0.2206622584821307
Hana Mae Lee,0.22057744146713812
Priyanka Karki,0.22050449774870687
Ava DuVernay,0.22034052492313372
Lee Min-ho,0.22029138331442946
Gong Li,0.22011382251142528
Fahadh Faasil,0.2196290702178926
Whoopi Goldberg,0.2192687898435014
Monica Seles,0.21916263751472306
Brandy Norwood,0.21901451949375636
Davika Hoorne,0.21855895419964758
Sid Lucero,0.2185320703826966
Lisa Surihani,0.2185097210625233
Ali Zafar,0.2183695791997826
Rigoberta Menchú,0.21811684218733277
Vlado Janevski,0.21807935587643534
Gong Min-ji (Minzy),0.21806229957140866
Sofia Andres,0.21802349475959673
Beren Saat,0.2179278627954555
Nicholas Tse,0.2178476636751959
Chadwick Boseman,0.2176331575174227
Chris Evans,0.21755247809887654
Shannon,0.21751807586430394
Kumail Nanjiani,0.21746711727213006
Preity Zinta,0.21744461130288353
Choi Min-sik,0.2173438897004388
Keira Knightley,0.21727893450020933
Sheena Halili,0.21666077656112928
Darshan Kumar,0.2165842822311458
Zoe Saldana,0.2165714261280044
Daniel Henney,0.2163411611488948
Zazie Beetz,0.2162608320555701
Don Francisco,0.21604098435939434
Nikita Willy,0.21597413465351076
Alan Yang,0.21596483613931464
Beulah Koale,0.2159544534552026
Salvador Dalí,0.21589399303011994
Shin Se-kyung,0.21583183142854323
Tamer Malas,0.2157250939005441
Iko Uwais,0.2156699582989591
Kim Tae-hee,0.21558632910033118
Tahar Rahim,0.2155424807735975
Yuh-Jung Youn,0.21511386277328493
Yadier Molina,0.21505023915497237
Alec Baldwin,0.21490055148437745
Jyothika,0.21466040995346156
Evgenia Medvedeva,0.21455368230014046
Keisha Castle-Hughes,0.21448041301506623
Jay Park,0.2143250009828446
Colin Firth,0.21427193129304445
Nav,0.21355409276259832
Emilio Estefan,0.21351429348758763
Tom Wu,0.2134316679016853
Phillipa Soo,0.21301455376995282
Parvez Bhagat,0.21294989764516373
Adrián Uribe,0.2129269598990371
Hassan El Shafei,0.21246705197379487
Amy Jackson,0.21241264988142797
Eugenia Suárez,0.21198405075907337
Jonathan Taylor Thomas,0.21176223037686015
Misty Copeland,0.21088364365089826
Kevin Bacon,0.21068190534599548
Asin Thottumkal,0.21052842867676094
Lapi Mariner,0.21036112532873688
U-Know Yunho,0.2099959628706484
Demi Moore,0.20985916327718593
Nicole Kidman,0.20971931050553883
Michael Caine,0.20959636729138
Madina Saduakasova,0.2093796748049508
Song Hye-kyo,0.2087049452994222
Daniel Dae Kim,0.20817379227696456
Takuya Kimura,0.20778527701562421
Larisa Latynina,0.20739950164964682
Carlos Agassi,0.207185025726248
Peter Gene Hernandez,0.2067017080340758
Sean Penn,0.20632016154178348
Lena Dunham,0.20568030421410113
Jam Hsiao,0.20546898421961426
Ewan McGregor,0.2053406335931781
Shanina Shaik,0.20526301893387652
Taron Egerton,0.20515102857653109
Hikaru Utada,0.20514934951174502
Kriti Kharbanda,0.2051098863501836
Jamie Lynn Spears,0.2047764394155193
Claire Foy,0.20462526392060446
Kate Blanchett,0.20437443759731497
Sarah Lahbati,0.20421242979311657
Park So-dam,0.2040714751797614
Marion Cotillard,0.20326547427212227
Svetlana Alexievich,0.20286169459139933
Shelly-Ann Fraser-Pryce,0.202755241839055
Alyona Lanskaya,0.20261571052035984
Mark Zuckerberg,0.20209496259854895
Lucas Pouille,0.20176277411193777
Ayah Bdeir,0.2016403841481356
Nora Fatehi,0.2007450890439101
Omotola Jalade Ekeinde,0.20034236887311818
Nargis Fakhri,0.2002281890362518
Sezairi Sezali,0.19938128682428813
Huang Zitao,0.19921407265453348
Lata Mangeshkar,0.1991531781136755
Gerard Butler,0.19860233783269785
Yao Ming,0.19822403375253086
Tantoo Cardinal,0.1977423356404668
Melissa Gilbert,0.19720034829110125
Ben Platt,0.19695730100643663
Jonas Brothers,0.19634279072604147
Charlize Theron,0.19488706032009842
Adrien Brody,0.1948067829005294
Benjamin Bratt,0.19480623154571708
Miley Cyrus,0.1946688681374408
Lovi Poe,0.1943600437527215
Cillian Murphy,0.19406967467417915
Lana Condor,0.19352282523236145
Bryan Cranston,0.192991106571022
Björk,0.19224780603997457
Manuel Neuer,0.19221991384692352
Park Seo-joon,0.19196322055720139
Zubeen Garg,0.1915922249537524
Ananya Panday,0.19145321783948624
Taye Diggs,0.19083469404020895
Jorge Negrete,0.19081731922774717
Taraji P,0.19073619835878555
Luis Suárez,0.18965131937518023
Ji Chang-wook,0.18945628940982326
Han Hyo-joo,0.18891992672416416
Jo In-sung,0.18878717689982383
Ana Ivanović,0.1883751563264577
Dia Mirza,0.18779699654822127
Sushant Singh Rajput,0.18779235945183728
Ali Fazal,0.18769426204402406
Lee Chong Wei,0.18723996632739995
Ella Aminuddin,0.1870673436452778
Amber Liu,0.1870328297145196
Hima Das,0.18597823849992756
Jana Burčeska,0.18564691318877002
Shakira,0.18456046336767443
Morgan Freeman,0.18421822698075271
Sung Kang,0.1834416753981077
Edwin Moses,0.18308518261969783
Christina Ricci,0.1822615101232791
Kunal Nayyar,0.1817447638440429
Manny Pacquiao,0.18159575941752157
Izara Aishah,0.1814720844082336
Will Pan,0.18047234437496842
Bong Joon-ho,0.17899614959927126
Haruma Miura,0.1787375058698125
Aidana Medenova,0.17851737670604376
Whitney Houston,0.17774971962185415
Lou Diamond Phillips,0.1775949236026879
Nicole Scherzinger,0.17751284299935507
Kriti Sanon,0.17682415405383775
Timothée Chalamet,0.17682357475082613
Wu Jinyan,0.17594866738471357
Sebastián Yatra,0.17473416847836862
Antonio Banderas,0.17324192716648482
Namie Amuro,0.17270586674496202
Angela Bassett,0.1715997088583864
Jet Li,0.17099181162158805
Christopher Nolan,0.17053120404316538
Vic Zhou,0.17005932734096074
Holly Hunter,0.16890346991003083
Hicham El Guerrouj,0.16839948268576097
Goldie Hawn,0.16558152131106524
Rohit Sharma,0.1631409080711248
BoA (Kwon Bo-ah),0.16305680424163976
Marit Bjørgen,0.1564356861674691
Isabelle Kaif,0.15590988163295066
Magic Johnson,0.12886337676272663
John Legend,0.10629071621872425
