name,similarity@12
Picabo Street,0.9638671875
Bradley Cooper,0.9562174479166666
Siti Badriah,0.9535725911458334
H.E.R.,0.9507242838541666
Toše Proeski,0.9488932291666666
Martin Scorsese,0.9477132161458334
Ayim Mukhamedjanova,0.9469401041666666
Takeshi Kaneshiro,0.9457600911458334
Diana Hayden,0.9451497395833334
Kathem Al-Saher,0.9440511067708334
Nikhil Advani,0.94287109375
Jason Bateman,0.94189453125
Ricky Schroder,0.9412027994791666
Cicely Tyson,0.9403889973958334
Tim Robbins,0.9398193359375
Diya Mirza,0.9393310546875
Joseph Gordon-Levitt,0.9387613932291666
Cote de Pablo,0.9381103515625
Chen Daoming,0.9375813802083334
Ronaldinho,0.9372965494791666
Shirley MacLaine,0.9369710286458334
Tom Hardy,0.9365234375
Yalitza Aparicio,0.9360758463541666
Hu Ge,0.9359130859375
Yassi Pressman,0.9354248046875
Ranbir Kapoor,0.93505859375
Simone Manuel,0.9346110026041666
Ayesha Takia,0.9343668619791666
Ian Somerhalder,0.93408203125
Salman Ahmad,0.9336751302083334
Rosie Perez,0.9333902994791666
Sandhya Mridul,0.9330240885416666
Marilyn Monroe,0.9326171875
Kirsten Dunst,0.9322916666666666
Allu Arjun,0.9320882161458334
Antonio Aguilar,0.931640625
Zhou Xun,0.9314778645833334
Sebastian Castro,0.93115234375
Yoo Jae-suk,0.9308268229166666
Gauhar Khan,0.9305826822916666
Anil Kapoor,0.93017578125
Sara Ali Khan,0.9301350911458334
Miranada Ayim,0.9296875
Meryl Streep,0.9295654296875
Shaggy,0.92919921875
Sanjay Dutt,0.9290364583333334
Haley Joel Osment,0.9287109375
Frank Lampard,0.9282633463541666
Joey Yung,0.9281412760416666
Lupita Tovar,0.927734375
Laura Dern,0.9275716145833334
Genelia D'Souza,0.9272054036458334
Elisabeth Moss,0.9267578125
Gabby Douglas,0.9267578125
King Kapisi,0.9264729817708334
Vince Vaughn,0.92626953125
Madhubala,0.926025390625
Chavela Vargas,0.92578125
Gong Hyo-jin,0.9254964192708334
Ann Kok,0.92529296875
Park Shin-hye,0.92529296875
Won Bin,0.9249674479166666
Reese Witherspoon,0.9248046875
Arjun Kapoor,0.9246012369791666
Park Ji-sung,0.92431640625
Paul Rudd,0.92431640625
Eli Manning,0.9239501953125
Jessica Mauboy,0.923828125
Jeremy Irons,0.923828125
Luis Miguel,0.9234619140625
Rafael Amaya,0.92333984375
Nicki Minaj,0.9229329427083334
Esai Morales,0.9228515625
Tom Daley,0.9228515625
Billy Bob Thornton,0.9225260416666666
Henry Thomas,0.92236328125
Kishore Kumar,0.9220377604166666
Venus Williams,0.921875
Rachel McAdams,0.9214274088541666
Ryan Gosling,0.92138671875
Jennifer Lawrence,0.9209391276041666
Sissy Spacek,0.9208984375
Kamal Haasan,0.92041015625
Shizuka Arakawa,0.92041015625
Virat Kohli,0.920166015625
Erke Esmahan,0.919921875
Teuila Blakely,0.919921875
Joaquín Guzmán,0.91943359375
Ha Dong Hoon,0.91943359375
Millie Bobby Brown,0.9191487630208334
Carly Patterson,0.9189453125
Reggie Miller,0.918701171875
Remo D'Souza,0.91845703125
Daniel Kaluuya,0.9184163411458334
Shekhar Kapur,0.91796875
Karthik Sivakumar,0.91796875
Jessica Alba,0.91796875
Kunal Kapoor,0.91748046875
Cathy Freeman,0.91748046875
Arnold Schwarzenegger,0.91748046875
Jung Woo-sung,0.9174397786458334
Rana Daggubati,0.9169921875
Kevin Costner,0.9169921875
Dato’ Sri Siti Nurhaliza,0.9169921875
Mindy Kaling,0.9169108072916666
Nichkhun,0.91650390625
Tuba Büyüküstün,0.91650390625
Esha Deol,0.91650390625
Rila Fukushima,0.916259765625
Chen Hanwei,0.916015625
Rafael Nadal,0.916015625
Myriam Hernández,0.9158528645833334
Alexis Sanchez,0.91552734375
Soledad Pastorutti,0.91552734375
Julia Roberts,0.9154459635416666
Wang Meng,0.9150390625
Benicio del Toro,0.9150390625
Fahad Mustafa,0.9150390625
Will Smith,0.9148356119791666
Jamie Foxx,0.91455078125
Neymar Jr.,0.91455078125
Lee Young-ae,0.91455078125
Dulquer Salmaan,0.9141438802083334
Usain Bolt,0.9140625
Dilip Kumar,0.9139404296875
Neha Sharma,0.91357421875
David Archuleta,0.91357421875
Juanes,0.9132080078125
Isyana Sarasvati,0.9130859375
Jayasurya,0.9130859375
Arif Lohar,0.912841796875
Sahil Khan,0.91259765625
Alex Rendell,0.91259765625
Huang Xiaoming,0.9125162760416666
Kajal Aggarwal,0.912109375
Kal Penn,0.912109375
Ryan Reynolds,0.912109375
Priyanka Chopra,0.912109375
Hakeem Olajuwon,0.9117431640625
Andy Serkis,0.91162109375
Geoffrey Rush,0.91162109375
Andre Agassi,0.9115397135416666
Dolly Parton,0.9111328125
Shailene Woodley,0.9111328125
Guillermo del Toro,0.9109700520833334
Tatchakorn Yeerum,0.91064453125
Sterling K,0.91064453125
Renée Zellweger,0.91064453125
Joe Odagiri,0.9101969401041666
Sadio Mané,0.91015625
Steven Yeun,0.91015625
Constance Song,0.9097493489583334
Judi Dench,0.90966796875
Donald Glover,0.90966796875
Haley Bennett,0.90966796875
Simran Bagga,0.909423828125
Yulduz Usmanova,0.9091796875
John Leguizamo,0.9091796875
Mark-Paul Gosselaar,0.9091389973958334
Haifa Wehbe,0.90869140625
Elodie Yung,0.90869140625
Romelu Lukaku,0.90869140625
Olga Korbut,0.90869140625
Melissa Viviane Jefferson,0.9082438151041666
Eduardo Yáñez,0.908203125
Jordan Rodrigues,0.908203125
Heather Headley,0.908203125
Ko Chen-tung,0.9079182942708334
Kangana Ranaut,0.90771484375
Olamide,0.90771484375
Jennifer Hudson,0.90771484375
Gillian Anderson,0.9072265625
Sanya Malhotra,0.9072265625
Gina Torres,0.9072265625
Geeta Phogat,0.9071858723958334
Selena Quintanilla,0.90673828125
Jefri Nichol,0.90673828125
Jaime Camil,0.90673828125
Dan Sultan,0.9066569010416666
Janhvi Kapoor,0.90625
Harry Kane,0.90625
José José,0.90625
Sai Pallavi,0.9061279296875
Jay Chou,0.90576171875
Komal Jha,0.90576171875
Zo In-sung,0.90576171875
Regina King,0.9055989583333334
Didier Drogba,0.9052734375
Yoon Eun-hye,0.9052734375
Tabassum Fatima Hashmi,0.9052734375
Mark Rothko,0.9052734375
Trisha Krishnan,0.90478515625
Coco Lee,0.90478515625
Rihanna,0.90478515625
Pele,0.9046223958333334
Zanjoe Marudo,0.904296875
Mahesh Babu,0.904296875
Prabhas,0.904296875
Pierce Brosnan,0.90380859375
Bunga Citra Lestari,0.90380859375
Liam Hemsworth,0.90380859375
Anita Yuen,0.9035237630208334
Alia Bhatt,0.9033203125
Annette Bening,0.9033203125
Jordan Peele,0.9033203125
Michelle Ye,0.9033203125
Michelle Rodriguez,0.9032796223958334
Joe Taslim,0.90283203125
America Ferrera,0.90283203125
Freddy Adu,0.90283203125
Yohan Blake,0.9025472005208334
Al Pacino,0.90234375
Fernanda Montenegro,0.90234375
Shawn Johnson,0.90234375
Neelofa,0.9019775390625
Zahra Amir Ebrahimi,0.90185546875
M.I.A.,0.90185546875
John Abraham,0.9018147786458334
Michael Douglas,0.9013671875
Yuna,0.9013671875
Edward Norton,0.9013671875
Kim Woo-bin,0.9013671875
Daley Thompson,0.9009602864583334
Chrissie Chau,0.90087890625
Arifin Putra,0.90087890625
Christoph Waltz,0.90087890625
Raveena Tandon,0.9006754557291666
Takeshi Terauchi,0.900390625
Iwa Moto,0.900390625
Pritviraj Sukumaran,0.900390625
Richard Gere,0.900390625
Naveen Kumar Gowda,0.8999430338541666
Choi Daniel,0.89990234375
Gary Chaw,0.89990234375
Kate Beckinsale,0.89990234375
Omar Sharif,0.89990234375
Sarah Menezes,0.89990234375
Mohammed Rafi,0.8994140625
Trevor Noah,0.8994140625
Kareem Abdul-Jabbar,0.8994140625
Zendaya,0.8994140625
Chespirito,0.899169921875
Diane Keaton,0.89892578125
Mark Ruffalo,0.89892578125
Wang Leehom,0.89892578125
HyunA,0.8986409505208334
Daveed Diggs,0.8984375
Ben Stiller,0.8984375
Tia Carrere,0.8984375
Landon Donovan,0.8980712890625
Corey Feldman,0.89794921875
Eddie Peng,0.89794921875
Michael Jackson,0.8977457682291666
Han Ga-in,0.8974609375
Wizkid,0.8974609375
Varun Grover,0.8974609375
Satoshi Tajiri,0.8974609375
Ekin Cheng,0.8974202473958334
Leonardo DiCaprio,0.89697265625
Tirunesh Dibaba,0.89697265625
Wang Lee Hom,0.89697265625
Akshay Kumar,0.89697265625
Aziz Ansari,0.8967692057291666
Mizuhara Kiko,0.896484375
Aaron Kwok,0.896484375
Pamela Anderson,0.896484375
Mickey Rooney,0.896484375
Wendy Sulca,0.8960774739583334
Bae Suzy,0.89599609375
Sarah Michelle Gellar,0.89599609375
Benedict Cumberbatch,0.89599609375
Parveen Babi,0.8959147135416666
Uzo Aduba,0.8955078125
Sammy Davis Jr.,0.8955078125
Amit Sadh,0.8954671223958334
Amrita Rao,0.89501953125
Bae Yong-joon,0.89501953125
KJ Apa,0.89501953125
Zhao Wei,0.89501953125
Winona Ryder,0.8949381510416666
Sunny Leone,0.89453125
Sridevi,0.89453125
Venkatesh Prabhu Kasthuri Raja,0.89453125
Bhumi Pednekar,0.89453125
Assi El Helani,0.89404296875
Ruby Lin,0.89404296875
Yuvraj Singh,0.89404296875
Abby Wambach,0.89404296875
Ellen Burstyn,0.8936360677083334
Mumtaz Sorcar,0.8935546875
Halle Berry,0.8935546875
Anne Hathaway,0.8933512369791666
Milla Jovovich,0.89306640625
Janel Parrish,0.89306640625
Barun Sobti,0.89306640625
Irrfan Khan,0.89306640625
Tatum O'Neal,0.8926188151041666
Taapsee Pannu,0.892578125
A.B,0.892578125
Angela Chang,0.892578125
Elle Fanning,0.8924967447916666
Rainsford Qualley,0.89208984375
Huma Qureshi,0.89208984375
Fawad Khan,0.89208984375
Ha Ji-won,0.89208984375
Celia Cruz,0.8916015625
Huang Shengyi,0.8916015625
Shraddha Kapoor,0.8916015625
Christiano Ronaldo,0.8916015625
Eric Wainaina,0.89111328125
Stephen Chow,0.89111328125
Owen Wilson,0.89111328125
Jackie Chan,0.89111328125
Kareena Kapoor,0.89111328125
Denzel Washington,0.8907063802083334
Omar Sy,0.890625
Bipasha Basu,0.890625
Anna Paquin,0.890625
Stephen Curry,0.8904622395833334
Rami Malek,0.89013671875
Kathy Griffin,0.89013671875
Yelena Isinbayeva,0.89013671875
Vijay,0.8897705078125
Rimi Sen,0.8896484375
Karl Malone,0.8896484375
Yoo Ah-in,0.8896484375
Naveen Andrews,0.889404296875
Kim Tae-ri,0.88916015625
Chloé Zhao,0.88916015625
Mercy Johnson,0.8890380859375
Urvashi Rautela,0.888671875
Sarah Paulson,0.888671875
Osvaldo Ardiles,0.888671875
Rekha,0.888671875
N. T. Rama Rao Jr.,0.8883870442708334
Mrunal Thakur,0.88818359375
Henry Lau,0.88818359375
Vijay Sethupathi,0.88818359375
Asghar Farhadi,0.88818359375
Daniel Wu,0.8877360026041666
Benjamin Alire Sáenz,0.8876953125
Edward James Olmos,0.8876953125
Moses Chan,0.8876953125
Emilia Clarke,0.8875732421875
Rani Padmini,0.88720703125
Sebastian Stan,0.88720703125
Michael Owen,0.88720703125
Komal Aziz Khan,0.88720703125
Elissa,0.88671875
Sammi Cheng,0.88671875
Angelina Jolie,0.88671875
Noziya Karomatullo,0.88671875
George Best,0.8865559895833334
Ileana D'Cruz,0.88623046875
José Alfredo Jiménez,0.88623046875
Tony Leung Ka-fai,0.88623046875
Kıvanç Tatlıtuğ,0.88623046875
Kate Hudson,0.8860270182291666
Glenda Jackson,0.8857421875
Gugu Mbatha-Raw,0.8857421875
Kerry Washington,0.8857421875
George Clooney,0.8853759765625
Sarkodie,0.88525390625
"Mario Moreno ""Cantinflas""",0.88525390625
Miroslav Klose,0.88525390625
Masami Kurumada,0.8849283854166666
Toshiro Mifune,0.884765625
Ding Junhui,0.884765625
Dustin Hoffman,0.884765625
Lorne Cardinal,0.884765625
Ichiro Suzuki,0.8843587239583334
Amy Adams,0.88427734375
Rajinikanth,0.88427734375
Spike Lee,0.8841552734375
Fernando Colunga,0.8837890625
Song Ji-hyo,0.8837890625
Taika Waititi,0.8837890625
Shriya Saran,0.8837890625
Tobey Maguire,0.8837890625
Rory McIlroy,0.8833821614583334
Kiara Advani,0.88330078125
Danica Patrick,0.88330078125
Madhuri Dixit,0.8830973307291666
Stephanie Cayo,0.8828125
Mario Van Peebles,0.8828125
Danny DeVito,0.8828125
Iqbaal Dhiafakhri Ramadhan,0.8828125
Rosita Quintana,0.8828125
Michael J,0.88232421875
Artur Avila,0.88232421875
Jennie Finch,0.88232421875
Ken Jeong,0.88232421875
Warwick Thornton,0.8819986979166666
Salman Khan,0.8818359375
Andy Lau,0.8818359375
Yuzuru Hanyu,0.8818359375
Edward Yang,0.8818359375
Thandie Newton,0.88134765625
Joey Lawrence,0.88134765625
Yuvan Shankar Raja,0.88134765625
Zuria Vega,0.88134765625
Crystal Kay,0.8811442057291666
Viola Davis,0.880859375
Zoya Akhtar,0.880859375
Tim Duncan,0.880859375
Martina Stoessel,0.8804524739583334
Bill Nighy,0.88037109375
Farhan Akhtar,0.88037109375
Judy Garland,0.88037109375
Lindsay Lohan,0.8800455729166666
Swara Bhaskar,0.8798828125
Mia Hamm,0.8798828125
Meera,0.8798828125
Sanam Saeed,0.8798828125
Sudeep,0.879638671875
Kobe Bryant,0.87939453125
Chiranjeevi,0.87939453125
Billie Jean King,0.87939453125
Patricia Arquette,0.8793131510416666
Aarif Rahman,0.87890625
Sean Bean,0.87890625
Troy Polamalu,0.87890625
Mary Kom,0.87890625
Sofia Boutella,0.8785400390625
Karthi,0.87841796875
Linda Chung,0.87841796875
Nadia Comăneci,0.87841796875
Guo Jingjing,0.8782958984375
Wagner Moura,0.8779296875
Juan Luis Guerra,0.8779296875
Kento Yamazaki,0.8779296875
Vidya Balan,0.8777262369791666
Ken Watanabe,0.87744140625
Joaquin Phoenix,0.87744140625
Thierry Henry,0.87744140625
Ayushmann Khurrana,0.8770751953125
Mel Gibson,0.876953125
Zeenat Aman,0.876953125
Anthony Mackie,0.876953125
Priyamani,0.8765462239583334
Toni Collette,0.87646484375
Apichatpong Weerasethakul,0.87646484375
Elizabeth Taylor,0.87646484375
Seth Rogen,0.8763020833333334
Tenzing Norgay Trainor,0.8759765625
Camila Cabello,0.8759765625
Hrithik Roshan,0.8759765625
Jermaine Leef,0.8759765625
Zhang Ziyi,0.875732421875
Carlos Santana,0.87548828125
Chris Rock,0.87548828125
Amyra Dastur,0.87548828125
Maryam Mirzakhani,0.875244140625
Sharmeen Obaid-Chinoy,0.875
Han Chae-young,0.875
Oscar Isaac,0.875
Ellyse Perry,0.875
Lee Jong-suk,0.8745524088541666
Rhea Chakraborty,0.87451171875
Diego Forlán,0.87451171875
Ariana Grande,0.87451171875
Akira,0.8743489583333334
Wayne Rooney,0.8740234375
Allyson Felix,0.8740234375
Rupee,0.8740234375
Ajith Kumar,0.8740234375
Tony Leung,0.8736572265625
Anna Popplewell,0.87353515625
Lucas Moura,0.87353515625
Meisa Kuroki,0.87353515625
Natalie Dormer,0.87353515625
Siddharth Narayan,0.873291015625
Lee Ji-eun,0.873046875
Priyanka Bose,0.873046875
Tatyana Ali,0.873046875
Karisma Kapoor,0.873046875
Goran Višnjić,0.8725992838541666
Serena Williams,0.87255859375
Donny Osmond,0.87255859375
Carlos Vives,0.87255859375
Gabriella Sarmiento Wilson,0.8721923828125
Anupama Parameswaran,0.8720703125
Johnny Depp,0.8720703125
Adam Beach,0.8720703125
Vanessa Hudgens,0.8718668619791666
Peter Scholze,0.87158203125
Catalina Sandino Moreno,0.87158203125
Gabourey Sidibe,0.87158203125
Lionel Messi,0.8715006510416666
Lindsey Lohan,0.87109375
Naomie Harris,0.87109375
Kevin Spacey,0.87109375
Sota Fukushi,0.87109375
Burna Boy,0.8708089192708334
Joaquín Sabina,0.87060546875
Chow Yun-fat,0.87060546875
Nicholas Saputra,0.87060546875
Olga Kurylenko,0.8704020182291666
Matamba,0.8701171875
Lola Yuldasheva,0.8701171875
Michelle Reis,0.8699544270833334
Leah Dizon,0.86962890625
Preetika Rao,0.86962890625
Huang Bo,0.86962890625
Soha Ali Khan,0.8692220052083334
Wyclef Jean,0.869140625
Sakshi Malik,0.869140625
Daniel Radcliffe,0.869140625
Abhishek Bachchan,0.869140625
Eva Huang,0.8687337239583334
Ayesha Dharker,0.86865234375
Awkwafina (Nora Lum),0.86865234375
Suriya,0.86865234375
Agnes Monica,0.8685709635416666
Juan Gabriel,0.8681640625
Xavier Dolan,0.8681640625
Ali Suliman,0.8681640625
Ning Jing,0.8679606119791666
Funke Akindele,0.86767578125
Tabu,0.86767578125
Octavia Spencer,0.867431640625
Maggie Q,0.8671875
Dino Morea,0.8671875
Franz Beckenbauer,0.8671875
Roberto Baggio,0.8669840494791666
Asin,0.86669921875
Eden Hazard,0.86669921875
Ryoko Yonekura,0.8665771484375
Gaby Hoffmann,0.8662109375
Raj Kapoor,0.8662109375
Tom Cruise,0.8662109375
Nastia Liukin,0.8662109375
Drew Barrymore,0.8658040364583334
Tony Jaa,0.86572265625
Mona Zaki,0.86572265625
Kwon Sang-woo,0.86572265625
Jun Ji-hyun,0.865234375
Ray Romano,0.865234375
Kurt Russell,0.865234375
Mohamed Salah,0.865234375
Stevie Wonder,0.8648274739583334
Faye Dunaway,0.86474609375
Nutan,0.86474609375
Luka Modrić,0.86474609375
Jodie Foster,0.8644205729166666
Emma Watson,0.8642578125
Nana Patekar,0.8642578125
Idris Elba,0.8642578125
Sajal Aly,0.8642171223958334
Ravi (Kim Won-sik),0.86376953125
Cheon Soo-yeon,0.86376953125
Liza Soberano,0.86376953125
Adil Hussain,0.86376953125
Nina Dobrev,0.863525390625
Natalie Portman,0.86328125
Shaquille O'Neal,0.86328125
Deepika Padukone,0.86328125
Abdullah Al Rowaished,0.86328125
Muhammad Ali,0.86328125
Magaly Medina,0.8628336588541666
Jin (Kim Seok-jin),0.86279296875
Jim Carrey,0.86279296875
Matthew McConaughey,0.86279296875
Nayanthara,0.86279296875
Hiroomi Tosaka,0.8625895182291666
Nana Mouskouri,0.8623046875
Hilary Duff,0.8623046875
Bruce Willis,0.8623046875
Maria Vasilevich,0.8618570963541666
Ferenc Puskás,0.86181640625
Riz Ahmed,0.86181640625
Janelle Monáe,0.86181640625
Roger Milla,0.8614908854166666
Sami Khan,0.861328125
Wes Studi,0.861328125
Kim Soo-hyun,0.861328125
Woody Harrelson,0.8609619140625
Jon Hamm,0.86083984375
Dan Balan,0.86083984375
Madhavan,0.860595703125
Zoe Tay,0.8603515625
Sarah Jessica Parker,0.8603515625
Javier Bardem,0.8603515625
Luis Fonsi,0.8601481119791666
Sania Mirza,0.85986328125
Jim Thorpe,0.85986328125
Malala Yousafzai,0.85986328125
Surya,0.85986328125
Priyanka Yoshikawa,0.859375
Alamgir,0.859375
Rudra Soni,0.859375
Gerard Piqué,0.85888671875
Verónica Cepede Royg,0.85888671875
Taufik Batisah,0.85888671875
Jeff Bridges,0.8588460286458334
Diego Luna,0.8583984375
Anushka Sharma,0.8583984375
Samuel L,0.8583984375
Lucy Liu,0.8583984375
Caster Semenya,0.8579915364583334
Mira Sethi,0.85791015625
Ayumi Hamasaki,0.85791015625
Masaki Suda,0.85791015625
Zain Imam,0.85791015625
Sigourney Weaver,0.8574625651041666
Nancy Kerrigan,0.857421875
Michelle Wie,0.857421875
Diana Penty,0.8573811848958334
Sebastian Coe,0.85693359375
Floyd Mayweather Jr.,0.85693359375
Carmen Miranda,0.85693359375
Benjamin Alves,0.8566487630208334
Salma Hayek,0.8564453125
Rubén Blades,0.8564453125
Javed Sheikh,0.8564453125
Michelle Pfeiffer,0.8561197916666666
LeBron James,0.85595703125
Hadia Ghaleb,0.85595703125
Kim Go-eun,0.85595703125
Gal Gadot,0.855712890625
Billie Eilish,0.85546875
Sarah-Jane Dias,0.85546875
Naseeruddin Shah,0.85546875
Yuna Kim,0.85498046875
Sunil Chhetri,0.85498046875
Laurie Hernandez,0.85498046875
Nawazuddin Siddiqui,0.8545735677083334
Rachel Weisz,0.8544921875
Aly Raisman,0.8544921875
Messi,0.8544514973958334
Rita Moreno,0.85400390625
Ali Jee,0.85400390625
Léa Seydoux,0.8538818359375
Twinkle Khanna,0.853515625
Park Min-young,0.853515625
Lee Joon-gi,0.853515625
Khalil Fong,0.8532307942708334
Chow Yun-Fat,0.85302734375
R,0.85302734375
Parineeti Chopra,0.8529459635416666
Ruth Negga,0.8525390625
Kipchoge Keino,0.8525390625
Hope Solo,0.8525390625
Faye Wong,0.8525390625
Nong Thon,0.8522135416666666
Joseph Vijay,0.85205078125
Song Joong-ki,0.85205078125
Shontelle,0.851806640625
Hansika Motwani,0.8515625
Jennifer Connelly,0.8515625
Kajol,0.8515625
Jason Momoa,0.8511149088541666
Toshe Proeski,0.85107421875
Kate Winslet,0.85107421875
Noriko Sakai,0.85107421875
Lucas Hedges,0.8506673177083334
Cameron Diaz,0.8505859375
Jennifer Aniston,0.8505859375
Tina Yothers,0.8505859375
Disha Patani,0.8505045572916666
Fernando Valenzuela,0.85009765625
Bonnie Blair,0.85009765625
Ricky Ullman,0.85009765625
Kai Ko,0.8496500651041666
Hugh Jackman,0.849609375
William Levy,0.849609375
Dev Patel,0.8492431640625
Gwyneth Paltrow,0.84912109375
Amr Waked,0.84912109375
Manolo Cardona,0.8487955729166666
Ram Charan,0.8486328125
Alejandro Fernández,0.8486328125
Aishwarya Rai,0.8486328125
Alison Hinds,0.848388671875
Lavanya Tripathi,0.84814453125
Donnie Yen,0.84814453125
Monica Bellucci,0.84814453125
Brooke Shields,0.8477376302083334
Dame Maggie Smith,0.84765625
Kenenisa Bekele,0.84765625
Russell Crowe,0.84765625
Ko So-young,0.84716796875
Hanis Zalikha,0.84716796875
Charlton Heston,0.84716796875
James Earl Jones,0.8470865885416666
Jimmy Smits,0.8466796875
Samantha Akkineni,0.8466796875
Benedict Wong,0.8466796875
Max Korzh,0.8464762369791666
Jubin Nautiyal,0.84619140625
Zhao Tao,0.84619140625
Rui Hachimura,0.84619140625
Amy Poehler,0.84619140625
Genevieve Nnaji,0.8457438151041666
Tom Hiddleston,0.845703125
Yulimar Rojas,0.845703125
Jaden Smith,0.845703125
Shay Mitchell,0.8452555338541666
Feroze Khan,0.84521484375
Yasmine Al Massri,0.84521484375
Cover Drive,0.8450927734375
Aamir Khan,0.8447265625
Wil Wheaton,0.8447265625
Son Ye-jin,0.8445638020833334
Isabel Allende,0.84423828125
Christian Slater,0.84423828125
Sushmita Sen,0.84423828125
Gabrielle Douglas,0.84423828125
Jackie Joyner-Kersee,0.843994140625
Shannon Arrum Williams Lees,0.84375
Diljit Dosanjh,0.84375
Jhumpa Lahiri,0.84375
Olivia Colman,0.8434244791666666
Cliff Curtis,0.84326171875
Nassar,0.84326171875
Ali Wong,0.84326171875
Jamala,0.8428955078125
Steffi Graf,0.8427734375
Nadia Dajani,0.8427734375
Anna Kournikova,0.842529296875
Naga Chaitanya,0.84228515625
Nancy Ajram,0.84228515625
Marta,0.84228515625
Julia Louis-Dreyfus,0.8420003255208334
Peter Dinklage,0.841796875
Dhanush,0.841796875
Ricardo Arjona,0.8416748046875
Vaani Kapoor,0.84130859375
Takeshi Kitano,0.84130859375
Birgit Fischer,0.8412679036458334
Ricardo Montalbán,0.8408203125
Ayase Haruka,0.8408203125
Nithya Menen,0.8408203125
Rakul Preet Singh,0.8406982421875
Nazym Ospanova,0.84033203125
Maria Sharapova,0.84033203125
A. R,0.84033203125
Dorothy Hamill,0.8398844401041666
Rosario Castellanos,0.83984375
Phoebe Waller-Bridge,0.83984375
Danny Denzongpa,0.8398030598958334
Paul Pogba,0.83935546875
Sandra Oh,0.83935546875
Ruth B,0.8392333984375
Susan Sarandon,0.8388671875
Chen Kun,0.8388671875
Gong Yoo,0.8388671875
Eva Longoria,0.8385416666666666
Gisele Bündchen,0.83837890625
Lupita Nyong'o,0.83837890625
Kareena Kapoor Khan,0.8383382161458334
Celina Jaitley,0.837890625
Pusarla Venkata Sindhu,0.837890625
Siti Nurhaliza,0.8378092447916666
Chiwetel Ejiofor,0.83740234375
Elijah Wood,0.83740234375
Park Bo-gum,0.83740234375
Maria Mutola,0.837158203125
Jacob Vargas,0.8369140625
Ali Sethi,0.8369140625
Bruno Mars,0.8367919921875
Pooja Hegde,0.83642578125
Will Ferrell,0.83642578125
Nicolas Cage,0.83642578125
Dwayne Johnson,0.83642578125
Manish Dayal,0.8361002604166666
Cecilia Cheung,0.8359375
Ragheb Alama,0.8359375
Zhang Jingchu,0.8355305989583334
Julianne Moore,0.83544921875
Michael Keaton,0.83544921875
Mammootty,0.83544921875
Vidyut Jammwal,0.8349609375
Edi Gathegi,0.8349609375
Leila Hatami,0.8349202473958334
Mithun Chakraborty,0.83447265625
Sean Paul,0.83447265625
Nikki Galrani,0.83447265625
Dimash Kudaibergen,0.83447265625
Fairuz,0.8341064453125
Tamer Hosny,0.833984375
Sean Connery,0.833984375
Robert De Niro,0.8337809244791666
Yash,0.83349609375
Clayton Kershaw,0.83349609375
Ajay Devgn,0.83349609375
Farid Al-Attrash,0.8331298828125
Kubbra Sait,0.8330078125
Gael García Bernal,0.832763671875
Sarah Hughes,0.83251953125
Nadine Lustre,0.83251953125
Ramsey Nouah,0.83251953125
Mila Kunis,0.8320719401041666
Awkwafina,0.83203125
Anwar Maqsood,0.8319905598958334
Moon Geun-young,0.83154296875
Mathangi Arulpragasam,0.83154296875
Vicky Kaushal,0.8314208984375
Rupert Grint,0.8310546875
Kartik Aaryan,0.8310546875
Atif Aslam,0.8310546875
Parviz Parastui,0.8306070963541666
Diana Karazon,0.83056640625
Esperanza Spalding,0.83056640625
Dmitry Koldun,0.8302408854166666
Oscar De La Hoya,0.830078125
Uma Thurman,0.830078125
Atharvaa,0.830078125
Amanda Seyfried,0.8297526041666666
Sandara Park (Dara),0.82958984375
Iva Lamkum,0.82958984375
Lauren Gottlieb,0.8295491536458334
Sidney Poitier,0.8291015625
Lee Seung-gi,0.8291015625
Naomi Osaka,0.8291015625
Mohanlal,0.82861328125
Florence Griffith Joyner,0.82861328125
Neelam Kothari,0.8285319010416666
Arnel Pineda,0.828125
Maggie Cheung,0.828125
Fernanda Castillo,0.8278401692708334
Deborah Mailman,0.82763671875
Billy Crystal,0.8274739583333334
Eva Mendes,0.8271484375
Hayao Miyazaki,0.8271484375
Ken Chu,0.8270263671875
Jessy Mendiola,0.82666015625
Constance Wu,0.82666015625
Mary Lou Retton,0.82666015625
Tamannaah Bhatia,0.82666015625
Pritam,0.8264973958333334
Varun Dhawan,0.826171875
Shirley Temple,0.826171875
Reshma Shetty,0.8259684244791666
Jolin Tsai,0.82568359375
Anirudh Ravichander,0.82568359375
Selena Gomez,0.82568359375
Lizzo,0.8253580729166666
Mickey Rourke,0.8251953125
Elçin Sangu,0.8251953125
Pawan Kalyan,0.8251546223958334
Vera Mindy Chokalingam,0.82470703125
Raoul Bova,0.82470703125
Ronda Rousey,0.82470703125
Siddharth,0.8243815104166666
Dharmendra,0.82421875
Rani Mukerji,0.82421875
Ravichandran Ashwin,0.8238118489583334
Nikki Gil,0.82373046875
Djibril Cissé,0.8236083984375
Anushka Shetty,0.8232421875
Malaika Arora,0.8232421875
Meera Jasmine,0.8231201171875
Maya Diab,0.82275390625
Jimmy O,0.82275390625
Wesley Morris,0.8223876953125
Julie Estelle,0.822265625
Rebecca Lobo,0.822265625
Yoon Mi-rae,0.822265625
Pankaj Tripathi,0.82177734375
Jacqueline Fernandez,0.82177734375
Pierre Png,0.82177734375
Frankie Muniz,0.8216145833333334
Danica McKellar,0.8212890625
Maureen Connolly,0.8212890625
Danny Trejo,0.8212890625
Christina Aguilera,0.8209228515625
Choi Si-won,0.82080078125
Childish Gambino,0.82080078125
Alex Morgan,0.82080078125
Forest Whitaker,0.8205159505208334
Kapil Dev,0.8203125
Cate Blanchett,0.8203125
Natti Natasha,0.8203125
Constance Marie,0.81982421875
Imran Khan,0.81982421875
Brad Pitt,0.8194986979166666
Anna Chlumsky,0.8193359375
Hiroyuki Sanada,0.8192952473958334
Roselyn Sánchez,0.81884765625
Maudy Koesnaedi,0.81884765625
Katie Holmes,0.8184814453125
Steve Martin,0.818359375
Yumna Zaidi,0.818359375
Ko Gyung-pyo,0.8180338541666666
Sachin Tendulkar,0.81787109375
Neil Patrick Harris,0.81787109375
Asif Ali,0.817626953125
Gary Oldman,0.8173828125
Taylor Swift,0.8173828125
Merle Dandridge,0.8169352213541666
Tessa Virtue,0.81689453125
Gian Marco Zignago,0.8167724609375
Lisa (Lalisa Manoban),0.81640625
Lee Byung-hun,0.81640625
Osric Chau,0.8162434895833334
Sonam Kapoor,0.81591796875
Misty May-Treanor,0.81591796875
Ian McKellen,0.8157958984375
Dev Anand,0.8154296875
Prabhu Deva,0.8154296875
Mesut Özil,0.8150227864583334
Sayyeshaa,0.81494140625
Lin Chi-ling,0.8144938151041666
Hasan Minhaj,0.814453125
Shruti Haasan,0.8140055338541666
Freida Pinto,0.81396484375
Sakshi Tanwar,0.81396484375
Pedro Infante,0.813720703125
Sohee (Ahn So-hee),0.8134765625
Ranveer Singh,0.8134358723958334
Demián Bichir,0.81298828125
Kaká,0.81298828125
Daisy Shah,0.8125406901041666
Zara Noor Abbas,0.8125
Bobby Fischer,0.8123372395833334
Ryu Jun-yeol,0.81201171875
Abhay Deol,0.81201171875
Alyssa Naeher,0.811767578125
Glenn Close,0.8115234375
Girish Kulkarni,0.8115234375
Yami Gautam,0.8114827473958334
Anupam Kher,0.81103515625
Frances McDormand,0.8109130859375
Meg Ryan,0.810546875
Sandra Bullock,0.810546875
Ben Kingsley,0.8100992838541666
Diego Maradona,0.8096923828125
Bae Doona,0.8095703125
Manoj Bajpayee,0.8095703125
Carole Samaha,0.8092854817708334
Aikyn,0.80908203125
Angelique Boyer,0.80908203125
Ricardo Antonio Chavira,0.80859375
David Beckham,0.80859375
Anita Mui,0.80859375
Mara Wilson,0.8081461588541666
Gulzhigit Kalykov,0.80810546875
Rola,0.80810546875
Hilary Swank,0.8076171875
Razane Jammal,0.8076171875
Lee Hyori,0.807373046875
Kevin Hart,0.80712890625
Wilma Rudolph,0.80712890625
Tara Lipinski,0.806640625
Steve Carell,0.806640625
Yukichi Yamashita,0.80615234375
Mahershala Ali,0.80615234375
Michael Jordan,0.80615234375
Deng Chao,0.8057454427083334
Gulsim Ali,0.8056640625
Brie Larson,0.8054606119791666
Divya Dutta,0.80517578125
Mario Testino,0.80517578125
Kerri Strug,0.8048095703125
Sayani Gupta,0.8046875
Amala Paul,0.8046468098958334
Lindsey Vonn,0.80419921875
David Rudisha,0.80419921875
Boman Irani,0.8040364583333334
Martina Hingis,0.8037109375
Hideaki Anno,0.8037109375
Penélope Cruz,0.8033854166666666
Luna Maya,0.80322265625
Cristiano Ronaldo,0.802978515625
Jang Dong-gun,0.802734375
Karen Mok,0.8025309244791666
Shaan,0.80224609375
Sho Sakurai,0.80224609375
Nivetha Thomas,0.8020426432291666
Laima Vaikule,0.8017578125
Mihiro,0.8017578125
Fred Savage,0.8013509114583334
Chang Chen,0.80126953125
Mahendra Singh Dhoni,0.8011067708333334
Issa Rae,0.80078125
Rami Ayash,0.80078125
Jeon Do-yeon,0.8003336588541666
Kaliopi,0.80029296875
Richard Mofe-Damijo,0.8000895182291666
Aaron Carter,0.7998046875
S. P,0.799560546875
Jeon Hae-rim,0.79931640625
Alicia Vikander,0.79931640625
Tiwa Savage,0.7988688151041666
Elizabeth Olsen,0.7987467447916666
Mamta Kulkarni,0.79833984375
Emma Thompson,0.7981770833333334
Sonu Sood,0.7978515625
Kei Nishikori,0.7978515625
Karolina Gočeva,0.79736328125
Oka Antara,0.79736328125
Rosario Dawson,0.7969970703125
Marina Nill,0.796875
Lisa Fernandez,0.796875
Waheeda Rehman,0.7964274088541666
Gina Rodriguez,0.79638671875
Mary-Kate and Ashley Olsen,0.79638671875
Lady Gaga,0.7958984375
Pete Edochie,0.7958984375
Christian Bautista,0.7954508463541666
Graham Greene,0.79541015625
Aditi Rao Hydari,0.7951253255208334
Wayne Gretzky,0.794921875
Dino Lee,0.7944742838541666
Jessica Chastain,0.79443359375
Naoto Takenaka,0.7939860026041666
Sessue Hayakawa,0.7937825520833334
AngelaBaby (Yang Ying),0.79345703125
Mila Jovovic,0.7933756510416666
Lionel Richie,0.79296875
Prithviraj Sukumaran,0.79296875
David Tao,0.7926839192708334
RPB,0.79248046875
Alisher Uzoqov,0.79248046875
Juliette Binoche,0.7919921875
Jessica Ennis-Hill,0.7919921875
Kunal Khemu,0.7916666666666666
Britney Spears,0.79150390625
Kristi Yamaguchi,0.79150390625
Shahid Kapoor,0.7910563151041666
Shaun White,0.7908528645833334
Ding Ning,0.79052734375
Tadanobu Asano,0.7902018229166666
Rajkummar Rao,0.7900390625
Son Heung-min,0.7898763020833334
Jing Tian,0.78955078125
Kathy Bates,0.789306640625
Nawal El Kuwaitia,0.7890625
Haruki Murakami,0.788818359375
Peyton Manning,0.78857421875
Rashmika Mandanna,0.7885335286458334
Shu Qi,0.7880859375
Niti Taylor,0.7878824869791666
Sean Astin,0.78759765625
Oprah Winfrey,0.7874755859375
Saina Nehwal,0.787109375
Rishi Kapoor,0.7869059244791666
Abigail Breslin,0.78662109375
James Franco,0.7864990234375
Chung Hyeon,0.7861328125
Lea Michele,0.785888671875
Liam Neeson,0.78564453125
Fiona May,0.7855631510416666
Rade Šerbedžija,0.78515625
Haile Gebrselassie,0.78515625
Kendrick Lamar,0.784912109375
Jamie Lee Curtis,0.7846272786458334
Emma Stone,0.7841796875
Tracy Austin,0.7841389973958334
Michael Fassbender,0.78369140625
Djimon Hounsou,0.78369140625
Candice Swanepoel,0.7835286458333334
George Takei,0.783203125
Ricardo Montaner,0.7827962239583334
Sonakshi Sinha,0.78271484375
Sheena Ringo,0.7823893229166666
Saoirse Ronan,0.7821451822916666
Chen Bolin,0.78173828125
Osamu Tezuka,0.7816162109375
Ralph Fiennes,0.78125
Rinko Kikuchi,0.78125
Auli'i Cravalho,0.7808837890625
Marcel Hirscher,0.78076171875
José Ferrer,0.7803141276041666
Beto Cuevas,0.7801106770833334
Matt Damon,0.77978515625
Daniel Day-Lewis,0.7795003255208334
Frida Kahlo,0.7792561848958334
Shafqat Amanat Ali,0.77880859375
Letitia Wright,0.77880859375
Raghav Juyal,0.7783610026041666
Yuki Kawauchi,0.778076171875
Kairat Nurtas,0.77783203125
Sylvester Stallone,0.7777099609375
Helen Mirren,0.7771809895833334
Mouni Roy,0.77685546875
Sidharth Malhotra,0.7767333984375
Christian Bale,0.7763671875
Roberto Gómez Bolaños,0.7762858072916666
Maya Moore,0.77587890625
Jr,0.77587890625
Margot Robbie,0.7755533854166666
Eugenio Derbez,0.775390625
Bindi Irwin,0.7750244140625
Kristofer Hivju,0.77490234375
Joseph Cheng,0.7745768229166666
Isha Talwar,0.7744140625
Helen Hunt,0.7740885416666666
Alina Zagitova,0.77392578125
Prateik Babbar,0.7736002604166666
Vishal Krishna,0.7734375
Mohammed Zeeshan Ayyub,0.7731119791666666
Lawrence Wong,0.7728678385416666
Taraneh Alidoosti,0.7724609375
Thet Mon Myint,0.7720540364583334
Fann Wong,0.77197265625
Katarina Johnson-Thompson,0.7719319661458334
Hani Mitwasi,0.771484375
Kim Hyo-yeon,0.7712809244791666
Sonoya Mizuno,0.77099609375
Jeon Ji-hyun,0.7705485026041666
Michael Phelps,0.7701822916666666
Vikram,0.7698160807291666
Manizha,0.76953125
Shila Amzah,0.76904296875
Ram Pothineni,0.76904296875
Gary Coleman,0.7686767578125
Vivian Cheruiyot,0.7682698567708334
Thalía,0.7680257161458334
Sharmila Tagore,0.767578125
Tilda Swinton,0.76708984375
Chris Hemsworth,0.7670491536458334
Jake Gyllenhaal,0.7666015625
Rayhon,0.7663167317708334
Demi Lovato,0.7660725911458334
Jessica Lange,0.765625
Michelle Kwan,0.7653401692708334
Konkona Sen Sharma,0.76513671875
Kelly Chen,0.7649739583333334
Adriana Lima,0.7646484375
Kerli,0.7643636067708334
Nivin Pauly,0.76416015625
Akkineni Nagarjuna,0.763671875
Katrina Kaif,0.763427734375
Maria Toorpakai Wazir,0.76318359375
Sarah Ayu,0.7628580729166666
Troy Aikman,0.7626953125
Arvind Swami,0.7622477213541666
Hina Khan,0.7618001302083334
Yvonne Okoro,0.7615966796875
Hema Malini,0.76123046875
Nusrat Fateh Ali Khan,0.7610270182291666
Thora Birch,0.7607014973958334
Hyun Bin,0.76025390625
Mira Filzah,0.7602132161458334
Eugene,0.759765625
Marsai Martin,0.7593180338541666
Crystal Reed,0.75927734375
Tiger Shroff,0.7588297526041666
Don Cheadle,0.7587483723958334
Harrison Ford,0.75830078125
Robert Downey Jr.,0.7581380208333334
Keanu Reeves,0.7576497395833334
John Dumelo,0.75732421875
Yvonne Nelson,0.7569173177083334
Arvydas Sabonis,0.756591796875
Zoe Saldaña,0.7562255859375
Cardi B,0.755859375
Muna Fadil,0.7554524739583334
Sasha Cohen,0.75537109375
Amitabh Bachchan,0.7550455729166666
Mahira Khan,0.7548014322916666
Tiger JK,0.75439453125
Rain (Jung Ji-hoon),0.75439453125
Macaulay Culkin,0.75390625
Maudy Ayunda,0.7535400390625
Tamannaah,0.7532958984375
Sergio Agüero,0.7529296875
Lisa Leslie,0.752685546875
Larry Bird,0.75244140625
Tracee Ellis Ross,0.7519938151041666
Kang Ha-neul,0.7518310546875
Scarlett Johansson,0.75146484375
Temuera Morrison,0.7510579427083334
Kang So-ra,0.7507731119791666
Ricky Martin,0.75048828125
Tiger Woods,0.7500813802083334
Bill Murray,0.7499593098958334
Bobby Tonelli,0.74951171875
Ryan Giggs,0.7493489583333334
Jemaine Clement,0.7490234375
Fan Bingbing,0.7486165364583334
Los Kjarkas,0.7484944661458334
Maya Arulpragasam,0.748046875
Aishwarya Rai Bachchan,0.7477213541666666
Robin Williams,0.7471516927083334
Eros Ramazzotti,0.746826171875
Crystal Lee,0.7463785807291666
Pedro Suárez Vértiz,0.74609375
Ella Chen,0.7459716796875
Justin Bieber,0.74560546875
Celina Jade,0.7451985677083334
Santana,0.7447916666666666
Mon Laferte,0.7442626953125
So Ji-sub,0.744140625
Liu Yifei,0.7435709635416666
Lakshmi Menon,0.7431233723958334
Grace Jones,0.74267578125
Paresh Rawal,0.7423502604166666
Ahmed Helmy,0.7418212890625
Mylene Dizon,0.7414143880208334
Robert Pattinson,0.740966796875
Bob Marley,0.740478515625
Katie Ledecky,0.7398681640625
Kim Yoo-jin,0.7395833333333334
Macauley Culkin,0.7390950520833334
Carla Ortiz,0.7386474609375
Masaharu Fukuyama,0.7381591796875
Jung Yun-ho,0.73779296875
Jemal Saparowa,0.7373046875
Vicente Fernández,0.7366943359375
Michelle Chong,0.736328125
Novak Djokovic,0.7358805338541666
Tommy Lee Jones,0.7353515625
Ruslana Korshunova,0.735107421875
Dakota Fanning,0.7346598307291666
Isabelle Huppert,0.7340901692708334
Huang Yi,0.7335205078125
Simone Biles,0.733154296875
Sri Divya,0.7326253255208334
Zhang Yimou,0.7323811848958334
John Cho,0.7317708333333334
Jose Antonio Vargas,0.7314046223958334
Roger Federer,0.7307942708333334
Mizushima Hiro,0.7303466796875
Ricardo Darín,0.72998046875
Daniel Craig,0.7295735677083334
Benjamín Vicuña,0.7291666666666666
John Malkovich,0.7288004557291666
Shah Rukh Khan,0.728271484375
Eddie Redmayne,0.7277425130208334
Ethan Hawke,0.7272135416666666
Manisha Koirala,0.7268880208333334
Akhil Akkineni,0.7264404296875
Tessa Thompson,0.72607421875
Babe Didrikson Zaharias,0.7255859375
Natalie Wood,0.7252197265625
Mamta Mohandas,0.7248128255208334
Shin Min-a,0.7244059244791666
Lil Rick,0.7237141927083334
Samuel Eto'o,0.72314453125
Justin Timberlake,0.72314453125
Gautham Karthik,0.7225341796875
Miranda Tapsell,0.7220458984375
Tony Yang,0.7216796875
Laurence Fishburne,0.7209879557291666
Rahul Khanna,0.7203369140625
Jerrold Tarog,0.7196044921875
Shanvi Srivastava,0.7190755208333334
Sofia Vergara,0.7185872395833334
Milton Cortez,0.7180989583333334
Zinedine Zidane,0.717529296875
Sarah Geronimo,0.7169596354166666
Gustavo Cerati,0.7164306640625
Rodrigo Santoro,0.7158203125
Cynthia Nixon,0.7151692708333334
Anthony Hopkins,0.71484375
Alexandria Ocasio-Cortez,0.7143147786458334
Shabana Azmi,0.7137858072916666
Anne Curtis,0.7132568359375
Atiqa Odho,0.7126057942708334
Kim Hyun-ah,0.7120361328125
Sivaji Ganesan,0.7116292317708334
Michelle Yeoh,0.7111409505208334
Vijender Singh,0.7104899088541666
Hana Mae Lee,0.7100423177083334
Priyanka Karki,0.7095540364583334
Ava DuVernay,0.7090250651041666
Lee Min-ho,0.70849609375
Gong Li,0.7080078125
Fahadh Faasil,0.7074381510416666
Whoopi Goldberg,0.7067057291666666
Monica Seles,0.7060953776041666
Brandy Norwood,0.7051188151041666
Davika Hoorne,0.7041829427083334
Sid Lucero,0.7035319010416666
Lisa Surihani,0.7029622395833334
Ali Zafar,0.7024739583333334
Rigoberta Menchú,0.7017415364583334
Vlado Janevski,0.7009684244791666
Gong Min-ji (Minzy),0.7001953125
Sofia Andres,0.6995849609375
Beren Saat,0.6991373697916666
Nicholas Tse,0.6984456380208334
Chadwick Boseman,0.6977132161458334
Chris Evans,0.6971435546875
Shannon,0.6961263020833334
Kumail Nanjiani,0.6954752604166666
Preity Zinta,0.6951090494791666
Choi Min-sik,0.6944580078125
Keira Knightley,0.6934000651041666
Sheena Halili,0.6929931640625
Darshan Kumar,0.6920572916666666
Zoe Saldana,0.6912434895833334
Daniel Henney,0.6905110677083334
Zazie Beetz,0.6901041666666666
Don Francisco,0.689453125
Nikita Willy,0.6887613932291666
Alan Yang,0.6882731119791666
Beulah Koale,0.6877848307291666
Salvador Dalí,0.6870524088541666
Shin Se-kyung,0.6861572265625
Tamer Malas,0.685546875
Iko Uwais,0.6846110026041666
Kim Tae-hee,0.6837565104166666
Tahar Rahim,0.6831868489583334
Yuh-Jung Youn,0.6824951171875
Yadier Molina,0.6818440755208334
Alec Baldwin,0.6810709635416666
Jyothika,0.6804606119791666
Evgenia Medvedeva,0.6800130208333334
Keisha Castle-Hughes,0.6791585286458334
Jay Park,0.6785074869791666
Colin Firth,0.6776529947916666
Nav,0.6770833333333334
Emilio Estefan,0.6763102213541666
Tom Wu,0.6755777994791666
Phillipa Soo,0.6747233072916666
Parvez Bhagat,0.6741943359375
Adrián Uribe,0.6735432942708334
Hassan El Shafei,0.6727701822916666
Amy Jackson,0.6722412109375
Eugenia Suárez,0.6717122395833334
Jonathan Taylor Thomas,0.6707763671875
Misty Copeland,0.6697591145833334
Kevin Bacon,0.6688232421875
Asin Thottumkal,0.6683349609375
Lapi Mariner,0.6675211588541666
U-Know Yunho,0.6665445963541666
Demi Moore,0.66552734375
Nicole Kidman,0.664794921875
Michael Caine,0.6638590494791666
Madina Saduakasova,0.6630452473958334
Song Hye-kyo,0.6623128255208334
Daniel Dae Kim,0.661865234375
Takuya Kimura,0.6610514322916666
Larisa Latynina,0.6600341796875
Carlos Agassi,0.6588948567708334
Peter Gene Hernandez,0.657958984375
Sean Penn,0.6570638020833334
Lena Dunham,0.65625
Jam Hsiao,0.6554768880208334
Ewan McGregor,0.654296875
Shanina Shaik,0.6532389322916666
Taron Egerton,0.65234375
Hikaru Utada,0.6510009765625
Kriti Kharbanda,0.6494547526041666
Jamie Lynn Spears,0.6485595703125
Claire Foy,0.6477457682291666
Kate Blanchett,0.6467692057291666
Sarah Lahbati,0.6459554036458334
Park So-dam,0.6450602213541666
Marion Cotillard,0.6439615885416666
Svetlana Alexievich,0.6429036458333334
Shelly-Ann Fraser-Pryce,0.6416422526041666
Alyona Lanskaya,0.6409098307291666
Mark Zuckerberg,0.64013671875
Lucas Pouille,0.638916015625
Ayah Bdeir,0.6376953125
Nora Fatehi,0.63671875
Omotola Jalade Ekeinde,0.6349690755208334
Nargis Fakhri,0.6339518229166666
Sezairi Sezali,0.6330159505208334
Huang Zitao,0.6316731770833334
Lata Mangeshkar,0.6302083333333334
Gerard Butler,0.6288248697916666
Yao Ming,0.6275227864583334
Tantoo Cardinal,0.6263020833333334
Melissa Gilbert,0.6253255208333334
Ben Platt,0.6239013671875
Jonas Brothers,0.6225992838541666
Charlize Theron,0.6210530598958334
Adrien Brody,0.6196695963541666
Benjamin Bratt,0.6187337239583334
Miley Cyrus,0.617431640625
Lovi Poe,0.6160074869791666
Cillian Murphy,0.6145833333333334
Lana Condor,0.61279296875
Bryan Cranston,0.6115315755208334
Björk,0.6099853515625
Manuel Neuer,0.6087239583333334
Park Seo-joon,0.6066080729166666
Zubeen Garg,0.6055501302083334
Ananya Panday,0.6043294270833334
Taye Diggs,0.6025797526041666
Jorge Negrete,0.6010335286458334
Taraji P,0.599609375
Luis Suárez,0.5977783203125
Ji Chang-wook,0.5960693359375
Han Hyo-joo,0.5941162109375
Jo In-sung,0.5927327473958334
Ana Ivanović,0.5908203125
Dia Mirza,0.5884195963541666
Sushant Singh Rajput,0.5865885416666666
Ali Fazal,0.5848795572916666
Lee Chong Wei,0.583251953125
Ella Aminuddin,0.5816243489583334
Amber Liu,0.5802408854166666
Hima Das,0.5783284505208334
Jana Burčeska,0.5764567057291666
Shakira,0.5745442708333334
Morgan Freeman,0.5722249348958334
Sung Kang,0.5701497395833334
Edwin Moses,0.568603515625
Christina Ricci,0.5670572916666666
Kunal Nayyar,0.5652669270833334
Manny Pacquiao,0.5629069010416666
Izara Aishah,0.5605875651041666
Will Pan,0.5570475260416666
Bong Joon-ho,0.5540771484375
Haruma Miura,0.5519205729166666
Aidana Medenova,0.5493570963541666
Whitney Houston,0.5457356770833334
Lou Diamond Phillips,0.5426839192708334
Nicole Scherzinger,0.5387369791666666
Kriti Sanon,0.5348714192708334
Timothée Chalamet,0.5290934244791666
Wu Jinyan,0.5231119791666666
Sebastián Yatra,0.5188802083333334
Antonio Banderas,0.5133056640625
Namie Amuro,0.510009765625
Angela Bassett,0.5063883463541666
Jet Li,0.5013427734375
Christopher Nolan,0.4925333658854167
Vic Zhou,0.481689453125
Holly Hunter,0.4727986653645833
Hicham El Guerrouj,0.4637654622395833
Goldie Hawn,0.4557698567708333
Rohit Sharma,0.4442342122395833
BoA (Kwon Bo-ah),0.4330240885416667
Marit Bjørgen,0.4219767252604167
Isabelle Kaif,0.4066569010416667
Magic Johnson,0.3827311197916667
John Legend,0.3417765299479167
