,prompt,skin_L,skin_a,skin_b,skin_R,skin_G,skin_B,skin_h,hex_color
0,a_photo_of_dev_portrait_photography_full_color_face_full_frame,72.75019166375998,12.866032008965727,10.565761145959133,209,170,160,0.6875429134685002,#d1aaa0
1,a_photo_of_roger_portrait_photography_full_color_face_full_frame,65.73619337476873,22.287464936747398,11.26894598131751,205,145,141,0.4681319923531751,#cd918d
2,a_photo_of_harrison_portrait_photography_full_color_face_full_frame,77.47470253931186,13.331790213222515,10.324459115994859,223,182,173,0.6589501465979793,#dfb6ad
3,a_photo_of_ellen_portrait_photography_full_color_face_full_frame,69.84228102341928,11.901434553197461,6.180685020430648,197,163,160,0.4789859980411661,#c5a3a0
4,a_photo_of_dante_portrait_photography_full_color_face_full_frame,61.30600918483309,18.568089711088483,13.780858649096627,188,135,125,0.6384772798962285,#bc877d
5,a_photo_of_jerry_portrait_photography_full_color_face_full_frame,43.209326668054004,22.732036592537916,17.274737942685647,145,87,75,0.6498255573302923,#91574b
6,a_photo_of_david_portrait_photography_full_color_face_full_frame,66.3165870269425,16.380998360457454,20.508446908525887,202,150,125,0.8968217241753677,#ca967d
7,a_photo_of_oprah_portrait_photography_full_color_face_full_frame,68.77707058498645,15.463413562739413,20.024467044005092,207,157,132,0.9132216770311576,#cf9d84
8,a_photo_of_cher_portrait_photography_full_color_face_full_frame,86.64719691147752,0.30293552893563536,0.33938807229613543,218,217,216,0.842088412233868,#dad9d8
9,a_photo_of_simon_portrait_photography_full_color_face_full_frame,76.26585520086694,0.043776001831715754,-0.046897853700751196,188,188,188,-0.8198140288346956,#bcbcbc
10,a_photo_of_yayan_portrait_photography_full_color_face_full_frame,72.52183185528534,13.34362757164703,13.315253304721354,211,169,154,0.7843338180356589,#d3a99a
11,a_photo_of_ellen_portrait_photography_full_color_face_full_frame,84.19651294050325,10.655365097488367,11.761402836423482,239,203,188,0.8346979346251474,#efcbbc
12,a_photo_of_britney_portrait_photography_full_color_face_full_frame,75.2997479571552,15.028986612090433,8.990273783496402,219,175,170,0.5390916851857819,#dbafaa
13,a_photo_of_kelly_portrait_photography_full_color_face_full_frame,76.89828295437243,11.738656327140065,4.276633405140947,215,182,182,0.34937512775870566,#d7b6b6
14,a_photo_of_norah_portrait_photography_full_color_face_full_frame,83.57563640686475,8.083255451472388,8.43173245297953,230,203,193,0.8064956839644215,#e6cbc1
15,a_photo_of_parminder_portrait_photography_full_color_face_full_frame,70.253696164434,21.733741715775643,17.54123861242802,220,157,141,0.6790534491920698,#dc9d8d
16,a_photo_of_donnie_portrait_photography_full_color_face_full_frame,69.18495139027432,19.008506700582377,12.586990231158161,210,156,147,0.5848877199065728,#d29c93
17,a_photo_of_beyoncé_portrait_photography_full_color_face_full_frame,66.66836235882504,16.760978438798546,24.24116287601071,205,150,120,0.9658477055272561,#cd9678
18,a_photo_of_nadia_portrait_photography_full_color_face_full_frame,80.4486225251316,14.268099315861672,11.067765697607305,234,190,180,0.6597472956074886,#eabeb4
19,a_photo_of_kylie_portrait_photography,67.65495998864544,9.460177758178972,15.59875850976038,192,158,137,1.0256331116041315,#c09e89
20,a_photo_of_elton_portrait_photography_full_color_face_full_frame,67.80966908814793,12.686431574883624,18.283274909126195,199,156,133,0.964188354875934,#c79c85
21,a_photo_of_konnie_portrait_photography_full_color_face_full_frame,74.54981240855335,10.669325626998962,5.510353353300993,207,176,174,0.47673416567494836,#cfb0ae
22,a_photo_of_howard_portrait_photography_full_color_face_full_frame,60.48324901019477,0.4300789941100736,-0.22958508253655102,146,146,146,-0.49033671042562726,#929292
23,.ipynb_checkpoints,79.63849732479699,-0.10506891026282579,-0.1238052077951461,197,197,198,0.8670789196444417,#c5c5c6
24,a_photo_of_lou_portrait_photography_full_color_face_full_frame,75.36457360078909,12.761168092742055,6.356311980732943,214,177,174,0.46212483132526494,#d6b1ae
25,a_photo_of_meera_portrait_photography_full_color_face_full_frame,68.17083656285203,14.359551781793865,18.883221452067065,203,156,133,0.9206472042717871,#cb9c85
26,a_photo_of_devon_portrait_photography_full_color_face_full_frame,81.04110300236657,9.260302964980127,6.120527973262741,223,195,190,0.5840292560632986,#dfc3be
27,a_photo_of_brad_portrait_photography_full_color_face_full_frame,78.56616896274525,12.611172716754158,13.427218512482789,227,186,170,0.816728009084873,#e3baaa
28,a_photo_of_anupam_portrait_photography_full_color_face_full_frame,63.667580289939515,27.85459730385598,36.957203712456796,217,133,90,0.9249322338595283,#d9855a
29,a_photo_of_hailee_portrait_photography_full_color_face_full_frame,84.55023321728942,14.635122131467664,3.838836955248789,242,201,204,0.2565240538890931,#f2c9cc
30,a_photo_of_dante_portrait_photography_full_color_face_full_frame,56.008064419224986,10.211759026988426,18.11344047601407,162,127,103,1.0574449593557376,#a27f67
31,a_photo_of_jaycee_portrait_photography_full_color_face_full_frame,80.81554718885477,14.425160692218236,11.429541108637144,235,191,180,0.6700488635554085,#ebbfb4
32,a_photo_of_dennis_portrait_photography_full_color_face_full_frame,70.74249525870977,0.21126206345988335,0.3768030045942718,174,173,172,1.0597982575744842,#aeadac
33,a_photo_of_dev_portrait_photography_full_color_face_full_frame,67.82398021571717,10.662942597732611,16.069531827682265,195,158,137,0.9849543150418715,#c39e89
34,a_photo_of_kunal_portrait_photography_full_color_face_full_frame,70.31629926844023,16.464979004995477,14.750024531802218,211,161,146,0.7305132709426816,#d3a192
35,a_photo_of_julia_portrait_photography_full_color_face_full_frame,77.87892762594693,11.82464725741817,11.002011613637508,222,184,173,0.7493753801647535,#deb8ad
36,a_photo_of_anupam_portrait_photography_full_color_face_full_frame,67.52556965054268,0.3257095830883004,-0.048917452148148986,165,164,165,-0.14907314892166715,#a5a4a5
37,a_photo_of_amita_portrait_photography_full_color_face_full_frame,61.751997047439616,26.55825350548949,32.36434643996563,208,130,93,0.883618709123608,#d0825d
38,.ipynb_checkpoints,73.39588384706298,11.552597645854883,11.565407953472128,209,172,160,0.7859522901905682,#d1aca0
39,a_photo_of_julia_portrait_photography_full_color_face_full_frame,78.79940159978807,11.279096567989034,8.378043099846016,222,187,180,0.6388731714630694,#debbb4
40,a_photo_of_heung_portrait_photography_full_color_face_full_frame,79.02010796967781,9.291489683740888,12.0545257464928,222,189,174,0.9141227953502683,#debdae
41,a_photo_of_robin_portrait_photography_full_color_face_full_frame,79.87831784159309,13.71382765470813,15.703142843136789,234,188,170,0.8529201073075761,#eabcaa
42,a_photo_of_jerry_portrait_photography_full_color_face_full_frame,63.17944693980323,16.101315338904218,19.150613463386875,192,142,120,0.8716835654772274,#c08e78
43,a_photo_of_ben_portrait_photography_full_color_face_full_frame,77.74785625470037,13.941754401515547,8.19920120438663,224,183,178,0.5316265018629778,#e0b7b2
44,a_photo_of_cristiano_portrait_photography_full_color_face_full_frame,66.09949714392631,17.07214826047072,12.149958924228475,198,149,140,0.6185239925807411,#c6958c
45,a_photo_of_mel_portrait_photography_full_color_face_full_frame,86.23534607046182,6.714016077704766,6.896019306454636,234,211,203,0.7987700890083591,#ead3cb
46,a_photo_of_cher_portrait_photography_full_color_face_full_frame,84.59993011752324,8.394542777604427,13.819640701716153,237,205,186,1.024927349283173,#edcdba
47,a_photo_of_brad_portrait_photography_full_color_face_full_frame,69.91469494797241,14.538870943055622,7.880485782082664,202,161,157,0.49670264335545933,#caa19d
48,a_photo_of_dev_portrait_photography_full_color_face_full_frame,74.70003365934343,14.28753565395815,15.453544238514198,220,174,156,0.8245834159780449,#dcae9c
49,a_photo_of_drake_portrait_photography_full_color_face_full_frame,71.27963393690284,15.854292350915582,19.185847216022914,215,163,140,0.8801914508732843,#d7a38c
50,a_photo_of_michael_portrait_photography_full_color_face_full_frame,69.8696708553903,12.663108285488658,12.162000651251104,202,162,149,0.7652153882670362,#caa295
51,a_photo_of_bd_portrait_photography_full_color_face_full_frame,76.45935247143511,11.496050279328635,-0.11923723150224719,210,182,189,-0.010371645311565807,#d2b6bd
52,a_photo_of_lilly_portrait_photography_full_color_face_full_frame,75.51172956083283,11.547702302865149,6.321554686359206,212,178,175,0.500867675752212,#d4b2af
53,a_photo_of_johnny_portrait_photography_full_color_face_full_frame,74.73875211556172,14.57391820102917,21.27415808246223,224,173,146,0.9701727464644743,#e0ad92
54,a_photo_of_davood_portrait_photography_full_color_face_full_frame,73.9957466363718,6.217548690771393,8.538888577313465,200,178,167,0.9414297889828672,#c8b2a7
55,a_photo_of_amol_portrait_photography_full_color_face_full_frame,68.48667186216795,17.98499081655144,36.325638658728856,217,154,102,1.1110727010683292,#d99a66
56,a_photo_of_michael_portrait_photography_full_color_face_full_frame,61.40921030033872,14.927920565658415,6.739088940485003,179,139,137,0.42405237066084656,#b38b89
57,a_photo_of_yayan_portrait_photography_full_color_face_full_frame,80.34372993725559,11.253229770538859,5.083147903044497,224,192,190,0.42427147245841734,#e0c0be
58,a_photo_of_madonna_portrait_photography_full_color_face_full_frame,88.07134462226276,3.8460453518396878,0.6339732408926798,229,218,220,0.1633686088713182,#e5dadc
59,a_photo_of_bruce_portrait_photography_full_color_face_full_frame,84.93276687608649,11.024054814059124,10.668290103803958,241,204,193,0.7689991609190107,#f1ccc1
60,a_photo_of_jaycee_portrait_photography_full_color_face_full_frame,52.832900757735935,14.904005352549014,9.98342357231316,157,117,110,0.5902020822550461,#9d756e
61,a_photo_of_himesh_portrait_photography_full_color_face_full_frame,67.72345053604889,23.88699053972984,34.50389394084161,223,147,104,0.9652579453909907,#df9368
62,a_photo_of_nadia_portrait_photography_full_color_face_full_frame,77.24675104253498,13.851312656414578,14.939232930781571,226,181,164,0.8231676076952228,#e2b5a4
63,a_photo_of_kevin_portrait_photography_full_color_face_full_frame,73.19880002880691,14.146763272957312,11.671451535852533,213,170,159,0.6898156840415557,#d5aa9f
64,a_photo_of_rick_portrait_photography_full_color_face_full_frame,57.900956325379624,18.816443373743024,17.96702406270202,181,126,109,0.7623098459702471,#b57e6d
65,a_photo_of_parminder_portrait_photography_full_color_face_full_frame,66.53054482629092,22.070122107398085,25.46400349571575,213,146,117,0.8566760467720727,#d59275
66,a_photo_of_tyler_portrait_photography_full_color_face_full_frame,77.05704095443554,0.005673941131424692,0.06533150142393994,190,190,190,1.484165227077085,#bebebe
67,a_photo_of_cristiano_portrait_photography_full_color_face_full_frame,63.8925091296708,21.62306262941085,11.94893592971752,199,140,135,0.5048382970784209,#c78c87
68,a_photo_of_neymar_portrait_photography_full_color_face_full_frame,58.07894567452752,20.340175263317356,22.702289769184667,185,125,101,0.840221870064871,#b97d65
69,a_photo_of_pat_portrait_photography_full_color_face_full_frame,73.23928395547604,14.828250055069251,5.949028385185926,211,170,170,0.38153662465239047,#d3aaaa
70,a_photo_of_angelina_portrait_photography_full_color_face_full_frame,78.12031667687309,11.763421357507893,16.800269665737684,226,185,163,0.9599412377889562,#e2b9a3
71,a_photo_of_kobe_portrait_photography_full_color_face_full_frame,83.68140636632924,15.093351833988958,11.57324211582892,245,198,188,0.6541525051252366,#f5c6bc
72,a_photo_of_beyoncé_portrait_photography_full_color_face_full_frame,79.36204355037513,0.005530510178671245,0.0011829273033747423,197,197,197,0.21071608174287584,#c5c5c5
73,a_photo_of_konnie_portrait_photography_full_color_face_full_frame,71.09617746645276,14.714078442831346,0.6927265567391172,201,165,173,0.04704443037461616,#c9a5ad
74,a_photo_of_billy_portrait_photography_full_color_face_full_frame,72.01226999204223,18.914983826338172,13.443130328275263,219,164,153,0.6178799605209735,#dba499
75,a_photo_of_konnie_portrait_photography_full_color_face_full_frame,79.13707253266489,13.623217426290989,7.9147863786591195,227,187,182,0.5263151222018801,#e3bbb6
76,a_photo_of_cher_portrait_photography_full_color_face_full_frame,82.75163813351818,12.479356126020999,13.164643330705353,239,197,182,0.8121149065865666,#efc5b6
77,a_photo_of_rush_portrait_photography_full_color_face_full_frame,73.80328100832904,13.510443768736373,26.48862338494041,222,171,134,1.0991434347379156,#deab86
78,.ipynb_checkpoints,64.5505027910997,19.096029806519716,24.7885075724162,203,143,113,0.9143927816405388,#cb8f71
79,a_photo_of_tina_portrait_photography_full_color_face_full_frame,65.95280516074831,15.384866905360973,11.954762408170371,195,150,140,0.6605875849640587,#c3968c
80,a_photo_of_neymar_portrait_photography_full_color_face_full_frame,66.72077936161094,6.0086966347904,8.920413965252097,180,158,147,0.9780163358112566,#b49e93
81,a_photo_of_leonardo_portrait_photography_full_color_face_full_frame,67.30505414200252,12.3439041406405,23.441946637491412,200,155,122,1.08611673631213,#c89b7a
82,a_photo_of_hailee_portrait_photography_full_color_face_full_frame,74.76661517869769,15.540806440974197,9.932138907120422,219,173,166,0.5686748856879446,#dbada6
83,a_photo_of_sanjeev_portrait_photography_full_color_face_full_frame,68.33088313471313,16.019894193677363,33.80138880938519,213,155,106,1.1282116647932297,#d59b6a
84,a_photo_of_tina_portrait_photography_full_color_face_full_frame,76.9304732915199,16.179598394733645,11.985446040521841,228,179,169,0.6375710803342889,#e4b3a9
85,a_photo_of_beyoncé_portrait_photography_full_color_face_full_frame,75.41217631970476,11.1233400781509,15.6798061161906,217,178,158,0.9537858252359055,#d9b29e
86,a_photo_of_lady_portrait_photography_full_color_face_full_frame,72.69019842334001,0.012979130542646638,0.0008038710282161163,178,178,178,0.06185664708766119,#b2b2b2
87,a_photo_of_madonna_portrait_photography_full_color_face_full_frame,82.78039710444045,3.047397479755591,2.550973923830955,214,204,201,0.6969566294520543,#d6ccc9
88,a_photo_of_judge_portrait_photography_full_color_face_full_frame,75.32742051269207,19.549849059744282,15.724954523901525,230,172,158,0.6773887969786233,#e6ac9e
89,a_photo_of_kim_portrait_photography_full_color_face_full_frame,78.13136015333517,14.041944661572181,8.258822533298519,225,184,179,0.5316634900045046,#e1b8b3
90,a_photo_of_jennifer_portrait_photography_full_color_face_full_frame,80.16839750158347,16.602491578443505,7.7362125620069895,235,188,185,0.4360524307505083,#ebbcb9
91,a_photo_of_rae_portrait_photography_full_color_face_full_frame,79.1980786084965,13.94394519385007,8.463375257922259,228,187,181,0.5455192506568327,#e4bbb5
92,a_photo_of_amol_portrait_photography_full_color_face_full_frame,65.44074443631901,20.56749585950214,26.30630229683212,208,144,113,0.9072228959551876,#d09071
93,a_photo_of_brian_portrait_photography_full_color_face_full_frame,80.68095184060866,13.601756368019625,13.327092460820667,235,191,176,0.7751989014493149,#ebbfb0
94,a_photo_of_dalip_portrait_photography_full_color_face_full_frame,72.9964826985965,15.509151666724884,17.22558599292506,218,168,149,0.8377848323751593,#daa895
95,a_photo_of_amita_portrait_photography_full_color_face_full_frame,62.09558789642974,14.78555132951202,23.171158736322496,189,140,110,1.0028311271837684,#bd8c6e
96,a_photo_of_naga_portrait_photography_full_color_face_full_frame,68.82438323962491,15.739640373830692,15.680085448534626,206,157,140,0.7835027027460618,#ce9d8c
97,a_photo_of_leonardo_portrait_photography_full_color_face_full_frame,76.6276423043947,0.052974887617993696,0.035457858906320146,189,189,189,0.589846496258865,#bdbdbd
98,a_photo_of_iko_portrait_photography_full_color_face_full_frame,75.14232736128551,17.210977535751255,21.502744050253465,229,173,146,0.8958063934914752,#e5ad92
99,a_photo_of_mindy_portrait_photography_full_color_face_full_frame,79.5636113234654,13.29910064175774,11.874884461378395,230,188,176,0.7288834884443528,#e6bcb0
100,a_photo_of_celine_portrait_photography_full_color_face_full_frame,78.5249960289162,9.823854726301658,6.489780748964662,218,188,183,0.5838009209484709,#dabcb7
101,a_photo_of_amol_portrait_photography_full_color_face_full_frame,58.306384519004794,29.918267427525816,35.95397853707823,204,118,78,0.8767705533088216,#cc764e
102,a_photo_of_angelina_portrait_photography_full_color_face_full_frame,71.66206254861164,13.976330367330092,15.785631766930164,211,166,148,0.8461158483451139,#d3a694
103,a_photo_of_paul_portrait_photography_full_color_face_full_frame,70.65964982625871,0.11178048159062146,-0.05199546432557878,173,173,173,-0.43538668577231,#adadad
104,a_photo_of_oprah_portrait_photography_full_color_face_full_frame,61.299500920196,20.356246543599614,24.41872221083378,195,134,106,0.8758813718075101,#c3866a
105,a_photo_of_ed_portrait_photography_full_color_face_full_frame,73.75314734119769,16.121549712471655,11.500784276725192,218,170,161,0.6196492174175355,#daaaa1
106,a_photo_of_tina_portrait_photography_full_color_face_full_frame,75.08167857875574,14.112411415145836,8.64375355230577,217,175,170,0.5495549410814009,#d9afaa
107,a_photo_of_rihanna_portrait_photography_full_color_face_full_frame,80.2537420006938,-0.15880576697590382,0.04728059230322176,199,199,199,-0.2893691744973363,#c7c7c7
108,a_photo_of_lou_portrait_photography_full_color_face_full_frame,65.23040975248914,13.830903469376219,21.614773020374674,195,148,120,1.0015668755188525,#c39478
109,a_photo_of_ed_portrait_photography_full_color_face_full_frame,82.56735313842282,8.698416198022324,15.438092489103823,233,199,177,1.0576942008532941,#e9c7b1
110,a_photo_of_anupam_portrait_photography_full_color_face_full_frame,66.39302908200102,17.6802969315981,18.740271956999205,203,149,129,0.8144936974194232,#cb9581
111,a_photo_of_lady_portrait_photography_full_color_face_full_frame,75.87377136394792,8.337321499607954,14.191799827580024,212,181,161,1.0396376127312612,#d4b5a1
112,a_photo_of_ben_portrait_photography_full_color_face_full_frame,68.07848388900726,19.052929353821,17.459027597437895,210,153,135,0.7417716215778298,#d29987
113,a_photo_of_kylie_portrait_photography_full_color_face_full_frame,80.9827912858285,14.383956165742635,15.943203027900967,238,191,172,0.836767139701298,#eebfac
114,a_photo_of_donnie_portrait_photography_full_color_face_full_frame,71.69353867996111,15.650628577480607,18.83009778970771,215,165,142,0.8773481856975559,#d7a58e
115,a_photo_of_beyoncé_portrait_photography_full_color_face_full_frame,74.04144072806756,14.121077869547374,12.510623032970923,216,172,160,0.7250003649296028,#d8aca0
116,a_photo_of_lionel_portrait_photography_full_color_face_full_frame,65.79736488313249,19.255016630729557,21.16339900806797,205,146,123,0.8325787891100731,#cd927b
117,a_photo_of_amita_portrait_photography_full_color_face_full_frame,67.49636341276315,15.884340411587058,13.298015491533281,201,154,141,0.6970027944381769,#c99a8d
118,a_photo_of_johnny_portrait_photography_full_color_face_full_frame,69.01076289635114,16.924645363833548,18.130229160676873,209,157,137,0.8197759451841687,#d19d89
119,a_photo_of_naga_portrait_photography_full_color_face_full_frame,66.18473748015465,13.17820893879524,16.57744387406119,195,152,132,0.8991433587682021,#c39884
120,a_photo_of_kevin_portrait_photography_full_color_face_full_frame,78.57705234615797,10.504828654638116,8.69891227901052,220,187,179,0.691634093236314,#dcbbb3
121,a_photo_of_norah_portrait_photography_full_color_face_full_frame,79.53294443008983,10.050165268289263,9.587128911882886,223,190,180,0.7618230941305596,#dfbeb4
122,a_photo_of_neymar_portrait_photography_full_color_face_full_frame,71.18540761049843,10.556376181062024,10.909098067089031,201,167,155,0.8018287412013524,#c9a79b
123,a_photo_of_tina_portrait_photography_full_color_face_full_frame,74.96052128524924,9.602947739163373,11.410137902227039,210,178,164,0.8711901416954345,#d2b2a4
124,a_photo_of_ellen_portrait_photography_full_color_face_full_frame,73.72788969344793,10.194442708590417,9.775599367368748,207,174,164,0.7644276546390273,#cfaea4
125,a_photo_of_yayan_portrait_photography_full_color_face_full_frame,75.92670403964324,11.109123033279907,4.570981030397237,211,180,179,0.39034812041149686,#d3b4b3
126,a_photo_of_paul_portrait_photography_full_color_face_full_frame,77.76942006002277,15.690815532695245,14.304818801846134,230,181,167,0.7392243907173658,#e6b5a7
127,a_photo_of_norah_portrait_photography_full_color_face_full_frame,83.7800457164884,5.413911016482748,0.728576095568451,220,205,208,0.13377113374378036,#dccdd0
128,a_photo_of_brad_portrait_photography_full_color_face_full_frame,61.51396688078509,20.226004594219276,12.52603306448039,190,135,127,0.5544923796066347,#be877f
129,a_photo_of_bruce_portrait_photography_full_color_face_full_frame,70.4341193851416,6.263842020509806,1.8218490834602736,185,168,169,0.28304286903769094,#b9a8a9
130,a_photo_of_sarah_portrait_photography_full_color_face_full_frame,69.02042201340261,12.78618966489756,-0.7348631672719644,191,161,170,-0.05741003855084988,#bfa1aa
131,a_photo_of_celina_portrait_photography_full_color_face_full_frame,82.71904598570086,10.59892290262049,7.886941660128484,232,199,192,0.6397315959454755,#e8c7c0
132,.ipynb_checkpoints,59.43330568806911,14.920058035173522,12.241191636899877,176,133,122,0.6870878674215756,#b0857a
133,a_photo_of_lionel_portrait_photography_full_color_face_full_frame,56.049576121032445,8.221197961912695,7.336090255999068,154,129,122,0.7285659859075936,#9a817a
134,a_photo_of_keanu_portrait_photography_full_color_face_full_frame,76.59070590401348,12.81162839018465,10.02823919463367,220,180,171,0.664130743010833,#dcb4ab
135,michael,52.98787736732339,9.712025691523651,23.01661610470878,156,120,87,1.1715058227308979,#9c7857
136,a_photo_of_sung_portrait_photography_full_color_face_full_frame,79.40719370163112,9.515162666770838,7.834123147459751,220,190,183,0.6888058192396094,#dcbeb7
137,a_photo_of_johnny_portrait_photography_full_color_face_full_frame,81.73950432007183,14.465733374530238,16.405640614757864,241,193,173,0.8481540331873497,#f1c1ad
138,a_photo_of_lionel_portrait_photography_full_color_face_full_frame,60.66436717197901,22.100972467336447,23.105011173531754,195,131,107,0.8076048178608706,#c3836b
139,a_photo_of_roger_portrait_photography_full_color_face_full_frame,68.91507777853099,18.932378465436226,14.09368547293572,210,155,144,0.6399218387348946,#d29b90
140,a_photo_of_julia_portrait_photography_full_color_face_full_frame,83.3907842729561,7.00855720103417,4.30566227808915,225,203,200,0.5508995621125028,#e1cbc8
141,a_photo_of_kanye_portrait_photography_full_color_face_full_frame,62.20484146871905,1.6869316377190433,1.8467490295863502,155,149,147,0.8305942558360784,#9b9593
142,a_photo_of_cher_portrait_photography_full_color_face_full_frame,81.9284606712437,11.115655900039602,9.191882659152114,231,196,187,0.6909480515334153,#e7c4bb
143,.ipynb_checkpoints,64.8425955518254,20.948433749851574,32.01267361775933,209,142,101,0.9913486089058552,#d18e65
144,a_photo_of_donnie_portrait_photography_full_color_face_full_frame,83.76637561288638,10.76992166396601,6.004340349612066,234,202,198,0.5085908493988613,#eacac6
145,a_photo_of_cher_portrait_photography_full_color_face_full_frame,86.81875244737407,8.246487514748953,9.717300153019341,241,212,199,0.8670924675576012,#f1d4c7
146,a_photo_of_drake_portrait_photography_full_color_face_full_frame,63.489909322722944,0.29203726073975267,0.1580196374219238,154,154,153,0.49597996128181815,#9a9a99
147,a_photo_of_brian_portrait_photography_full_color_face_full_frame,68.06567787766635,21.139438626251305,16.389422260072735,212,151,137,0.6594979256480238,#d49789
148,a_photo_of_lou_portrait_photography_full_color_face_full_frame,73.07807987698177,17.76476286474208,9.137667925831536,217,167,163,0.47507771485589206,#d9a7a3
149,a_photo_of_anne_portrait_photography_full_color_face_full_frame,69.07837736204202,12.85936111136516,11.51921004659514,199,160,148,0.730480935868679,#c7a094
150,a_photo_of_mariah_portrait_photography_full_color_face_full_frame,80.45130602464636,16.03622755676183,16.913387365678545,240,188,169,0.8120131234619608,#f0bca9
151,a_photo_of_kevin_portrait_photography_full_color_face_full_frame,80.84986284250684,8.238146435772869,8.285846343873489,223,195,186,0.7882848613185742,#dfc3ba
152,a_photo_of_lilly_portrait_photography_full_color_face_full_frame,75.83923656462316,13.654660030167786,5.162654548848227,216,178,178,0.36147465759354,#d8b2b2
153,a_photo_of_neymar_portrait_photography_full_color_face_full_frame,65.02976837012746,19.090326700507543,26.361591787865756,205,144,112,0.9440310751900055,#cd9070
154,a_photo_of_roger_portrait_photography_full_color_face_full_frame,81.69613734269021,-0.046215840347228795,-0.017123537324695993,203,203,203,0.35483045569179794,#cbcbcb
155,a_photo_of_lilly_portrait_photography_full_color_face_full_frame,84.5847461352747,0.04592780264749727,-0.14023432677825598,211,211,211,-1.2542980969069324,#d3d3d3
156,a_photo_of_dwayne_portrait_photography_full_color_face_full_frame,62.36942682453218,24.13991659664896,20.83972789694132,202,134,115,0.7121586821958116,#ca8673
157,a_photo_of_celine_portrait_photography_full_color_face_full_frame,80.6921116426502,6.076126947451592,3.98372709563632,215,196,193,0.5803270070642198,#d7c4c1
158,a_photo_of_bruce_portrait_photography_full_color_face_full_frame,74.92069659280719,-0.024881676268845236,-0.6772473507626395,184,184,186,1.5340734214541196,#b8b8ba
159,a_photo_of_rush_portrait_photography_full_color_face_full_frame,71.88092701794791,13.980258386515786,9.16854979715539,208,167,160,0.5804565719461886,#d0a7a0
160,a_photo_of_justin_portrait_photography_full_color_face_full_frame,80.8206878260381,13.6142109877996,14.92912697473858,236,191,173,0.8314329684128987,#ecbfad
161,a_photo_of_meera_portrait_photography_full_color_face_full_frame,71.44922831936859,20.262767774734336,16.42789620026294,221,161,146,0.6812572825074666,#dda192
162,a_photo_of_brad_portrait_photography_full_color_face_full_frame,75.38108838945793,13.538764102988416,9.199863878851515,217,177,169,0.5968485035721988,#d9b1a9
163,a_photo_of_iko_portrait_photography_full_color_face_full_frame,72.20747914454918,8.44264346315521,9.135219578399294,199,171,161,0.8247782668053454,#c7aba1
164,a_photo_of_celina_portrait_photography_full_color_face_full_frame,70.69317235075127,10.646884935815763,5.0277668733610845,196,166,164,0.44118494916809053,#c4a6a4
165,a_photo_of_james_portrait_photography_full_color_face_full_frame,68.5965228560803,22.895501087267068,29.28862574758466,222,151,116,0.9073016116324899,#de9774
166,a_photo_of_tyler_portrait_photography_full_color_face_full_frame,79.63366145832447,14.1601305157826,11.192753643689219,231,188,177,0.6688853019410299,#e7bcb1
167,a_photo_of_brad_portrait_photography_full_color_face_full_frame,81.24388975998548,12.895384828768869,14.594621534020131,236,193,175,0.8471325065629015,#ecc1af
168,a_photo_of_jaycee_portrait_photography_full_color_face_full_frame,73.71589415458408,17.430446705308558,7.589690762233753,218,170,168,0.41066933295005953,#daaaa8
169,a_photo_of_mel_portrait_photography_full_color_face_full_frame,83.53740017464455,10.068554877316652,7.65355034677243,233,201,194,0.6499616434266047,#e9c9c2
170,a_photo_of_lady_portrait_photography_full_color_face_full_frame,73.16576188302382,12.050500949660842,8.15462953440175,207,172,165,0.5949197908483481,#cfaca5
171,a_photo_of_neymar_portrait_photography_full_color_face_full_frame,75.1091761711678,-0.07284281856011092,0.12892467593133222,185,185,185,-1.056507570938282,#b9b9b9
172,a_photo_of_tom_portrait_photography_full_color_face_full_frame,81.81524730530103,9.012990958882803,8.16888965928095,227,197,189,0.736310218960732,#e3c5bd
173,a_photo_of_geraldine_portrait_photography_full_color_face_full_frame,75.3127747062765,10.582997127503493,4.939939362984668,209,179,177,0.43672083934796335,#d1b3b1
174,a_photo_of_nadia_portrait_photography_full_color_face_full_frame,80.66115076821148,11.996437238788074,17.112829014379134,234,191,169,0.9593860544206304,#eabfa9
175,a_photo_of_sandra_portrait_photography_full_color_face_full_frame,75.97803933919666,8.457842365934082,10.399571766002415,211,181,169,0.8880055645339525,#d3b5a9
176,a_photo_of_justin_portrait_photography_full_color_face_full_frame,64.28277146716361,7.036409308007665,3.555926619445701,171,151,150,0.4679271801953015,#ab9796
177,a_photo_of_tony_portrait_photography_full_color_face_full_frame,72.71781702836333,21.064031837179325,14.150012234449266,225,164,154,0.5915217230075885,#e1a49a
178,a_photo_of_anupam_portrait_photography_full_color_face_full_frame,69.96607086546203,6.682181899169062,8.059468982270586,189,166,157,0.8785560178037749,#bda69d
179,a_photo_of_parminder_portrait_photography_full_color_face_full_frame,70.19389501505115,18.934795111519144,27.979724401490664,220,158,122,0.9758572520404348,#dc9e7a
180,a_photo_of_anne_portrait_photography_full_color_face_full_frame,72.2627019950535,10.15047392772168,7.893312102194059,202,170,163,0.6609510277332946,#caaaa3
181,a_photo_of_dennis_portrait_photography_full_color_face_full_frame,74.65544817487088,15.493455075782899,15.586179728618685,222,173,156,0.788381608290121,#dead9c
182,a_photo_of_brad_portrait_photography_full_color_face_full_frame,74.61884818402085,19.47922769049093,15.888877932317317,228,170,155,0.6842309539291945,#e4aa9b
183,a_photo_of_adele_portrait_photography_full_color_face_full_frame,87.51140683639663,4.769648717145952,6.614769386849914,234,216,207,0.9460752127385895,#ead8cf
184,a_photo_of_johnny_portrait_photography_full_color_face_full_frame,70.1051137705104,17.689734718874735,18.342610388992483,214,159,139,0.803515336594079,#d69f8b
185,a_photo_of_rae_portrait_photography_full_color_face_full_frame,75.38657270736864,12.256336612770614,12.137105938126851,217,177,164,0.7805103856717287,#d9b1a4
186,a_photo_of_adele_portrait_photography_full_color_face_full_frame,78.13800561071474,9.157239917533381,12.177606038128474,219,187,171,0.9260332227389366,#dbbbab
187,a_photo_of_taylor_portrait_photography_full_color_face_full_frame,70.73983334187382,13.225010251514124,3.6295583630884614,200,165,167,0.2678515948613046,#c8a5a7
188,a_photo_of_kunal_portrait_photography_full_color_face_full_frame,64.07155907366307,18.968392029244722,20.751496801007292,199,142,119,0.83026003098531,#c78e77
189,a_photo_of_nina_portrait_photography_full_color_face_full_frame,66.85992083037587,10.25634950146589,8.71613471458758,187,156,147,0.7043942988718973,#bb9c93
190,a_photo_of_david_portrait_photography_full_color_face_full_frame,66.11785057539377,18.26201243829754,16.765783581033283,202,148,132,0.7427086422176898,#ca9484
191,a_photo_of_julia_portrait_photography_full_color_face_full_frame,79.78050279149369,11.085564755953046,11.602141313553357,227,190,177,0.8081632377762079,#e3beb1
192,a_photo_of_leonardo_portrait_photography_full_color_face_full_frame,70.66375418452404,9.568144184983577,21.624746046784992,204,166,134,1.1542280468840966,#cca686
193,a_photo_of_dante_portrait_photography_full_color_face_full_frame,78.85717150490802,11.277986386581244,8.711023546382341,223,188,180,0.6576784842869476,#dfbcb4
194,a_photo_of_anupam_portrait_photography_full_color_face_full_frame,66.56689967626504,26.67967211098378,14.007043942301465,215,143,138,0.48345335074842405,#d78f8a
195,a_photo_of_yuvraj_portrait_photography_full_color_face_full_frame,68.95310583858986,0.05641705947834475,0.2746531342260901,169,168,168,1.3682023435057133,#a9a8a8
196,a_photo_of_kelly_portrait_photography_full_color_face_full_frame,75.05919365373668,15.131405105367124,4.898344884012199,216,175,176,0.3130741318501417,#d8afb0
197,a_photo_of_lou_portrait_photography_full_color_face_full_frame,65.65455016265378,15.477917110847248,17.57646831443658,197,149,129,0.8488008988975564,#c59581
198,a_photo_of_kelly_portrait_photography_full_color_face_full_frame,78.71327729243995,12.567103132773358,7.398645607318543,224,186,182,0.532092405122727,#e0bab6
199,a_photo_of_jaycee_portrait_photography_full_color_face_full_frame,74.60426310973057,8.20640878357053,1.8007562199170164,200,178,181,0.2160093376573113,#c8b2b5
200,a_photo_of_tatyana_portrait_photography_full_color_face_full_frame,78.20935873619132,11.350710374073794,8.235849008906149,221,186,179,0.6276882927879166,#ddbab3
201,a_photo_of_rihanna_portrait_photography_full_color_face_full_frame,77.24261819866467,16.80108937319815,25.71258828885107,237,178,144,0.9920214636545289,#edb290
202,a_photo_of_rush_portrait_photography_full_color_face_full_frame,78.27630904583886,12.388723041515377,19.5098769048953,229,185,158,1.005040079337178,#e5b99e
203,a_photo_of_rae_portrait_photography_full_color_face_full_frame,72.61352840110793,15.420357851089442,6.40603744429841,211,168,167,0.3937346167104602,#d3a8a7
204,.ipynb_checkpoints,73.22777309622896,16.519193764379672,26.03199157024504,224,168,133,1.0053427978999958,#e0a885
205,a_photo_of_dennis_portrait_photography_full_color_face_full_frame,77.41070377724628,12.591834688246948,5.7902195472343685,219,183,181,0.43100603899462403,#dbb7b5
206,a_photo_of_billy_portrait_photography_full_color_face_full_frame,82.42885685679218,11.556953839531916,12.093732411383726,236,197,183,0.8080903773719227,#ecc5b7
207,a_photo_of_julia_portrait_photography_full_color_face_full_frame,81.70584919367698,9.858843678349322,9.950968976474114,229,196,185,0.7900486179780215,#e5c4b9
208,a_photo_of_judge_portrait_photography_full_color_face_full_frame,62.909780234838564,9.220743913181396,6.706589992701684,173,146,141,0.6288384490166143,#ad928d
209,a_photo_of_dennis_portrait_photography_full_color_face_full_frame,66.51029910617837,10.305733145147858,-0.6112980716553529,180,156,163,-0.05924689076772162,#b49ca3
210,a_photo_of_konnie_portrait_photography_full_color_face_full_frame,70.27927848790404,14.363786120923212,13.887839907680926,207,162,147,0.7685530729871587,#cfa293
211,a_photo_of_bd_portrait_photography_full_color_face_full_frame,79.36032806813297,-0.03642028607239586,0.0387598052067857,197,197,196,-0.8165069895368087,#c5c5c4
212,a_photo_of_johnny_portrait_photography_full_color_face_full_frame,62.68447870599394,24.708682971482723,16.75024486056981,202,134,123,0.5957456007176537,#ca867b
213,a_photo_of_ben_portrait_photography_full_color_face_full_frame,70.52329329687304,14.752818677826617,13.45233075179075,208,162,149,0.7393226229586439,#d0a295
214,a_photo_of_dalip_portrait_photography_full_color_face_full_frame,68.07384280629489,17.41576863896674,23.081375106491333,210,153,125,0.9243973835174581,#d2997d
215,a_photo_of_lady_portrait_photography_full_color_face_full_frame,74.9723542584968,10.052437503434074,17.492697535826032,215,177,153,1.0492139963450249,#d7b199
216,a_photo_of_amita_portrait_photography_full_color_face_full_frame,74.30034068875835,-0.005332262259941786,-0.06808176870971021,183,183,183,1.4926344462312207,#b7b7b7
217,a_photo_of_lilly_portrait_photography_full_color_face_full_frame,74.75663620536375,13.069450288603685,9.177507042259254,214,175,168,0.6122080745759692,#d6afa8
218,a_photo_of_dev_portrait_photography_full_color_face_full_frame,58.859923445710855,17.164978257232846,8.428852028272924,176,130,128,0.456461512803794,#b08280
219,a_photo_of_harrison_portrait_photography_full_color_face_full_frame,68.20687983022773,10.688426593101163,9.69064707593624,192,159,149,0.7364762451057422,#c09f95
220,a_photo_of_ed_portrait_photography_full_color_face_full_frame,64.88002072864695,17.67804992277212,13.136619719236585,196,145,135,0.6390726799338701,#c49187
221,brad,61.81022003831383,23.918291225064795,8.421023918105416,195,133,135,0.3385218595159914,#c38587
222,a_photo_of_kunal_portrait_photography_full_color_face_full_frame,61.42222890707525,24.86477602002266,20.12641963379309,200,131,114,0.6804675632942553,#c88372
223,a_photo_of_sandra_portrait_photography_full_color_face_full_frame,77.39322049838118,10.502620717775251,10.942025704124859,219,184,171,0.805885491504625,#dbb8ab
224,a_photo_of_paul_portrait_photography_full_color_face_full_frame,72.10759522660129,0.02092533003992377,-0.15239986720979412,177,177,177,-1.4343441242138366,#b1b1b1
225,a_photo_of_cher_portrait_photography_full_color_face_full_frame,80.66637533780717,9.505904025696983,12.878852239876615,227,193,177,0.9349536552277002,#e3c1b1
226,a_photo_of_tatyana_portrait_photography_full_color_face_full_frame,78.53266468460366,9.862506790804353,10.843390731082248,221,187,175,0.8327349756958722,#ddbbaf
227,a_photo_of_geraldine_portrait_photography_full_color_face_full_frame,73.75256754812058,15.57431747148107,9.095225401342459,216,171,165,0.5285632866058511,#d8aba5
228,a_photo_of_meera_portrait_photography_full_color_face_full_frame,72.51311681819129,13.11855539991613,20.254749301244033,214,168,142,0.9960551800692106,#d6a88e
229,a_photo_of_konnie_portrait_photography_full_color_face_full_frame,68.90464288749358,19.282773514404216,19.91277431006479,213,155,133,0.8014700538399534,#d59b85
230,a_photo_of_cher_portrait_photography_full_color_face_full_frame,83.50450215223363,-0.13557737905634223,-0.06202074540897241,208,208,208,0.4290373762834987,#d0d0d0
231,a_photo_of_judge_portrait_photography_full_color_face_full_frame,70.39593933046022,11.34628521459032,18.768836056790953,205,164,139,1.0270541314087775,#cda48b
232,a_photo_of_beyoncé_portrait_photography_full_color_face_full_frame,79.22289143396797,0.007918640025102619,0.0015832972069836915,196,196,196,0.19734324869371797,#c4c4c4
233,a_photo_of_dalip_portrait_photography_full_color_face_full_frame,67.00579262782549,12.889801411886387,14.771882803180983,195,154,137,0.8533327529506541,#c39a89
234,a_photo_of_kevin_portrait_photography_full_color_face_full_frame,78.75973115272026,10.157375510855585,8.148523386733853,220,188,180,0.6760975445677317,#dcbcb4
235,a_photo_of_celine_portrait_photography_full_color_face_full_frame,64.61492544988636,7.733098449346495,15.830437787349986,181,151,129,1.116394561060789,#b59781
236,a_photo_of_bruce_portrait_photography_full_color_face_full_frame,60.81708144550155,17.36025287476439,11.921369868960207,184,135,127,0.60174720386098,#b8877f
237,a_photo_of_taylor_portrait_photography_full_color_face_full_frame,72.07736383321688,17.72070608343124,12.219218164353748,216,165,155,0.603674434231205,#d8a59b
238,a_photo_of_kobe_portrait_photography_full_color_face_full_frame,72.1556311397407,22.087944222669098,28.902323542339072,231,161,125,0.9182517630813506,#e7a17d
239,a_photo_of_katy_portrait_photography_full_color_face_full_frame,70.90714515278808,10.238151621172786,5.911549260625561,197,167,163,0.5236390406807452,#c5a7a3
240,a_photo_of_dwayne_portrait_photography_full_color_face_full_frame,64.11799058393647,20.20630252560187,15.99596215438617,199,142,128,0.6696178316967996,#c78e80
241,a_photo_of_mariah_portrait_photography_full_color_face_full_frame,75.14960006199573,13.436132602987321,17.12845828447723,221,175,154,0.9056196278384822,#ddaf9a
242,a_photo_of_lou_portrait_photography_full_color_face_full_frame,65.13459981757573,19.16093417695795,18.888211447578136,202,145,125,0.7782306421651122,#ca917d
243,a_photo_of_keanu_portrait_photography_full_color_face_full_frame,69.38686721699489,16.100384320215827,14.82656288326833,207,158,143,0.7442333554749907,#cf9e8f
244,a_photo_of_amol_portrait_photography_full_color_face_full_frame,65.29547232069682,17.24837060418941,24.75892676215697,202,146,115,0.9623204769919933,#ca9273
245,a_photo_of_angelina_portrait_photography_full_color_face_full_frame,80.98442503485683,10.381529696011373,13.666497269183292,230,194,176,0.9211582081327763,#e6c2b0
246,a_photo_of_nadia_portrait_photography_full_color_face_full_frame,76.78774161753775,17.376750260200673,14.566203045162366,231,177,163,0.6976377122647123,#e7b1a3
247,a_photo_of_amita_portrait_photography_full_color_face_full_frame,69.0923186752294,14.260884679351062,16.277333387095123,204,159,140,0.8513327824562253,#cc9f8c
248,a_photo_of_adele_portrait_photography_full_color_face_full_frame,82.7545610888829,0.9675571820853623,5.671590113005398,213,205,195,1.4018258373879993,#d5cdc3
249,a_photo_of_amol_portrait_photography_full_color_face_full_frame,63.48734456155064,11.725955957414918,20.440992468669425,187,145,118,1.0499779127351196,#bb9176
250,a_photo_of_anupam_portrait_photography_full_color_face_full_frame,62.228270357413415,16.994756986155487,29.53059948500953,195,138,99,1.0485889854709876,#c38a63
251,a_photo_of_ed_portrait_photography_full_color_face_full_frame,61.670465398895026,14.243536334144988,15.60540480092694,183,139,122,0.8309918965546759,#b78b7a
252,a_photo_of_tony_portrait_photography_full_color_face_full_frame,64.98582945462499,0.306837768063718,0.07088745261216071,158,157,158,0.22704246741634676,#9e9d9e
253,a_photo_of_leonardo_portrait_photography_full_color_face_full_frame,77.63935390580957,0.5930201277276393,32.43858209897905,214,190,132,1.5525170421024457,#d6be84
254,a_photo_of_lilly_portrait_photography_full_color_face_full_frame,84.39848006645981,-0.1848465557925285,0.038291158795809854,210,211,210,-0.20426202213250003,#d2d3d2
255,a_photo_of_kelly_portrait_photography_full_color_face_full_frame,81.72091285255733,11.244691969405256,4.648352426725958,228,196,195,0.3919890272343815,#e4c4c3
256,a_photo_of_taylor_portrait_photography_full_color_face_full_frame,73.40303597475291,14.705182115291578,12.030482026719238,215,170,159,0.6856875278400149,#d7aa9f
257,a_photo_of_celine_portrait_photography_full_color_face_full_frame,80.12748723305077,14.341707880657625,9.379216102355652,232,189,182,0.57916929423467,#e8bdb6
258,a_photo_of_drake_portrait_photography_full_color_face_full_frame,78.51558991186047,16.147693857073488,27.129255681083777,240,182,145,1.0339038911276264,#f0b691
259,a_photo_of_amol_portrait_photography_full_color_face_full_frame,75.4293442793343,9.739746310596852,24.776573301877878,219,178,141,1.1962497074601064,#dbb28d
260,a_photo_of_jaycee_portrait_photography_full_color_face_full_frame,84.41007082626169,8.477019728976742,8.146833774800562,233,205,196,0.7655385956837679,#e9cdc4
261,a_photo_of_jerry_portrait_photography_full_color_face_full_frame,64.80111140405538,13.185403494712656,9.806746752095535,187,148,140,0.6394941189703517,#bb948c
262,a_photo_of_oprah_portrait_photography_full_color_face_full_frame,66.1407568619241,20.605533099335638,19.428864828159075,207,146,127,0.7560151906665089,#cf927f
263,a_photo_of_bd_portrait_photography_full_color_face_full_frame,78.17064646513859,6.018793700699196,11.495936869938252,213,189,172,1.0884801502201977,#d5bdac
264,a_photo_of_naga_portrait_photography_full_color_face_full_frame,81.31152041547325,9.061686690459553,17.170604252799816,231,195,170,1.0852005014768584,#e7c3aa
265,a_photo_of_konnie_portrait_photography_full_color_face_full_frame,82.36234400846763,11.339159163363135,3.1213259446753083,229,198,199,0.26861684986648776,#e5c6c7
266,a_photo_of_angelina_portrait_photography_full_color_face_full_frame,74.75524333155691,0.10582681922676113,-0.01909767253230847,184,184,184,-0.17853997375339326,#b8b8b8
267,a_photo_of_norah_portrait_photography_full_color_face_full_frame,71.40075442575586,16.23495944762919,23.68213485394169,218,163,133,0.9698437492861345,#daa385
268,a_photo_of_meera_portrait_photography_full_color_face_full_frame,61.62265367104441,12.01067595097306,9.478045526160557,176,141,133,0.6680807800888608,#b08d85
269,a_photo_of_rush_portrait_photography_full_color_face_full_frame,82.01168794684281,9.531652743317595,11.373524113544224,230,197,183,0.8732772334579342,#e6c5b7
270,a_photo_of_heung_portrait_photography_full_color_face_full_frame,81.21668913739462,10.530551616846193,6.979410957714698,227,195,189,0.5853051551066103,#e3c3bd
271,a_photo_of_kim_portrait_photography_full_color_face_full_frame,70.52252058420439,14.847490022604024,9.525319274876404,206,163,156,0.5704078237314055,#cea39c
272,a_photo_of_kobe_portrait_photography_full_color_face_full_frame,72.85991033386766,11.066164289430517,19.967779308233904,212,171,143,1.0647334630776772,#d4ab8f
273,a_photo_of_keanu_portrait_photography_full_color_face_full_frame,78.79146479444817,9.494214300860968,12.070578807596585,221,188,173,0.9043054341285024,#ddbcad
274,a_photo_of_yuvraj_portrait_photography_full_color_face_full_frame,70.90981609561572,15.640994157392974,15.323503391040717,211,163,146,0.7751451424843337,#d3a392
275,a_photo_of_sandra_portrait_photography_full_color_face_full_frame,80.97245505006505,-0.12296080337014563,0.0032723707652418353,201,201,201,-0.02660684090006764,#c9c9c9
276,a_photo_of_billy_portrait_photography_full_color_face_full_frame,79.01752250431652,11.077150720608982,6.930804251813747,222,188,183,0.5590915665203281,#debcb7
277,a_photo_of_kevin_portrait_photography_full_color_face_full_frame,67.73006202084791,15.986885030051788,9.719613348152862,200,154,148,0.546262247723411,#c89a94
278,a_photo_of_george_portrait_photography_full_color_face_full_frame,73.78714358443344,-0.03943811274534596,0.08058459786876632,181,181,181,-1.1156645146233541,#b5b5b5
279,a_photo_of_david_portrait_photography_full_color_face_full_frame,69.34436878716222,17.471828558334945,15.939992868581776,210,157,141,0.739583128744628,#d29d8d
280,a_photo_of_naga_portrait_photography_full_color_face_full_frame,71.16592984257112,17.744655640745,23.23668796176209,219,161,133,0.9186174194135364,#dba185
281,a_photo_of_tatyana_portrait_photography_full_color_face_full_frame,67.25796996203093,17.253892061936906,14.836467854219867,203,152,138,0.7102083911833247,#cb988a
282,a_photo_of_lionel_portrait_photography_full_color_face_full_frame,56.049576121032445,8.221197961912695,7.336090255999066,154,129,122,0.7285659859075935,#9a817a
283,a_photo_of_lady_portrait_photography_full_color_face_full_frame,72.11997726105443,16.830151106605026,-1.4535362033987287,206,166,180,-0.08615123819628363,#cea6b4
284,a_photo_of_johnny_portrait_photography_full_color_face_full_frame,70.53435448204259,11.975407717329665,13.224313567129636,203,164,149,0.8349179501157368,#cba495
285,a_photo_of_dev_portrait_photography_full_color_face_full_frame,72.34409704149644,12.000134420857542,18.99704228145148,211,169,143,1.0074047173196257,#d3a98f
286,a_photo_of_nina_portrait_photography_full_color_face_full_frame,85.38881886639926,11.450422052420713,9.557702401139526,242,205,196,0.6955460990195875,#f2cdc4
287,a_photo_of_dev_portrait_photography_full_color_face_full_frame,81.6588290276369,8.404171302505768,6.898582258798064,224,197,190,0.687326986624083,#e0c5be
288,a_photo_of_lionel_portrait_photography_full_color_face_full_frame,66.27661888817431,20.390842756387592,20.733837999201043,208,147,125,0.7937383446150512,#d0937d
289,a_photo_of_ed_portrait_photography_full_color_face_full_frame,61.83599146951101,18.415941182474914,9.292597438811333,187,137,134,0.4673170907205944,#bb8986
290,a_photo_of_brad_portrait_photography_full_color_face_full_frame,85.33707533729057,10.861593197541255,7.811253467430937,240,206,199,0.6234714454471022,#f0cec7
291,a_photo_of_parminder_portrait_photography_full_color_face_full_frame,70.76569399320928,24.359519271093458,13.350290235949622,224,156,150,0.5013466157607754,#e09c96
292,a_photo_of_ellen_portrait_photography_full_color_face_full_frame,74.14301663012996,17.32930007353381,9.750635391539074,220,171,165,0.5125167547801834,#dcaba5
293,a_photo_of_elon_portrait_photography_full_color_face_full_frame,73.48661035742876,17.005401059635737,10.263612970374037,218,169,163,0.5430258429417487,#daa9a3
294,a_photo_of_mariah_portrait_photography_full_color_face_full_frame,74.35014388664408,0.041549253059982014,0.04720285452414573,183,183,183,0.8490132490434942,#b7b7b7
295,a_photo_of_kim_portrait_photography_full_color_face_full_frame,81.23013946871578,9.037363135950086,12.675029219943962,228,195,179,0.9513951897551323,#e4c3b3
296,a_photo_of_oprah_portrait_photography_full_color_face_full_frame,68.18139167299346,19.92751241858779,26.84847431664668,215,152,119,0.9322921323401058,#d79877
297,a_photo_of_iko_portrait_photography_full_color_face_full_frame,61.11751763325984,17.199267597509845,18.206511111410965,187,136,116,0.8138390551053069,#bb8874
298,a_photo_of_celine_portrait_photography_full_color_face_full_frame,75.30201611218234,14.307346722337211,4.6923294743996475,215,176,177,0.31691259258753934,#d7b0b1
299,a_photo_of_brad_portrait_photography_full_color_face_full_frame,78.83431069211824,7.374465363529591,8.99731358722988,216,190,179,0.8842001404006914,#d8beb3
300,a_photo_of_taylor_portrait_photography_full_color_face_full_frame,73.1938497517281,13.059460472408897,13.288812755111191,212,171,156,0.7941025854387193,#d4ab9c
301,a_photo_of_dennis_portrait_photography_full_color_face_full_frame,70.6739625674117,14.582429946424796,15.089898897076061,209,163,146,0.8024989270397828,#d1a392
302,a_photo_of_oprah_portrait_photography_full_color_face_full_frame,64.87874559621609,19.32819072632828,24.290101987550667,204,144,115,0.8986688107265229,#cc9073
303,a_photo_of_dante_portrait_photography_full_color_face_full_frame,59.97206554311168,14.51310065168965,17.332029138468616,180,135,115,0.8736879614648014,#b48773
304,a_photo_of_kobe_portrait_photography_full_color_face_full_frame,74.91535284643825,9.960603895209859,11.4796954185489,211,177,164,0.8561321195449907,#d3b1a4
305,a_photo_of_tina_portrait_photography_full_color_face_full_frame,69.16849050983436,17.2792296907697,21.467067791592847,212,157,131,0.8930637781192011,#d49d83
306,a_photo_of_paul_portrait_photography_full_color_face_full_frame,63.26685685798623,12.43848918914383,7.128192710405046,180,145,141,0.5203867217855059,#b4918d
307,a_photo_of_roger_portrait_photography_full_color_face_full_frame,80.06478807126811,13.855548657152852,6.925044176777575,229,189,186,0.46348996143045323,#e5bdba
308,a_photo_of_amita_portrait_photography_full_color_face_full_frame,75.4636807020323,16.061550808644345,14.09167189559238,224,175,161,0.7201618970001921,#e0afa1
309,a_photo_of_leonardo_portrait_photography_full_color_face_full_frame,74.71833684517834,0.11420122420789333,0.2312485913685762,184,184,183,1.1120839140967622,#b8b8b7
310,a_photo_of_rae_portrait_photography_full_color_face_full_frame,78.62766752489783,14.264975116120944,5.143033266984998,225,185,186,0.34602976791848555,#e1b9ba
311,a_photo_of_keanu_portrait_photography_full_color_face_full_frame,80.01574515201575,15.119731588427857,16.620797089107576,237,188,168,0.8326547155964693,#edbca8
312,a_photo_of_sandra_portrait_photography_full_color_face_full_frame,72.44230912477023,14.834281334800544,8.111654748420186,210,168,164,0.5003970746124333,#d2a8a4
313,a_photo_of_jerry_portrait_photography_full_color_face_full_frame,54.64976907630704,18.14892282271101,11.681230268374364,168,119,111,0.571885669049972,#a8776f
314,a_photo_of_elton_portrait_photography_full_color_face_full_frame,75.98041544968014,13.794374331190912,12.495439112133425,221,178,165,0.7360300007560489,#ddb2a5
315,a_photo_of_bd_portrait_photography_full_color_face_full_frame,75.60747232201666,12.416735669036427,17.257937383739538,220,177,155,0.947116019498638,#dcb19b
316,a_photo_of_kim_portrait_photography_full_color_face_full_frame,78.45865580288316,11.162265515400541,15.52452892741374,225,186,166,0.9474266872918096,#e1baa6
317,a_photo_of_tom_portrait_photography_full_color_face_full_frame,69.46822602792476,0.1432257278249375,-0.13758503359107022,170,170,170,-0.7653136918266114,#aaaaaa
318,a_photo_of_naga_portrait_photography_full_color_face_full_frame,68.99284573546956,13.715124388531734,18.704012844394143,204,159,135,0.9380875344370808,#cc9f87
319,a_photo_of_justin_portrait_photography_full_color_face_full_frame,70.47127652324345,16.779085406963038,13.929433301397623,211,161,148,0.6928663661967432,#d3a194
320,a_photo_of_ellen_portrait_photography_full_color_face_full_frame,81.72880303005036,10.104749365419972,4.503853648507814,226,197,195,0.41928607045853666,#e2c5c3
321,a_photo_of_rae_portrait_photography_full_color_face_full_frame,67.30460802101305,0.28602035527486125,0.18001518483440665,165,164,164,0.5617420126283226,#a5a4a4
322,a_photo_of_rae_portrait_photography_full_color_face_full_frame,69.49326611507554,19.538366401988604,16.823080026978793,214,156,140,0.710861632429807,#d69c8c
323,a_photo_of_kelly_portrait_photography_full_color_face_full_frame,79.67560894158474,11.887968238355384,4.936120905719609,223,190,189,0.3935577333216942,#dfbebd
324,a_photo_of_steven_portrait_photography_full_color_face_full_frame,65.37382514770492,16.035806115312724,16.805964883374397,197,148,130,0.8088444518713532,#c59482
325,a_photo_of_dante_portrait_photography_full_color_face_full_frame,68.2851786371206,21.604996183800843,7.3330790799776775,209,152,154,0.3272148328627576,#d1989a
326,a_photo_of_mel_portrait_photography_full_color_face_full_frame,76.85939061932616,0.08889497842913557,0.03917250718294098,190,190,190,0.41506012230355677,#bebebe
327,a_photo_of_keanu_portrait_photography_full_color_face_full_frame,75.19991787791817,12.51171704235282,18.286205986196382,220,176,152,0.9707422984129377,#dcb098
328,a_photo_of_nina_portrait_photography_full_color_face_full_frame,75.05785721158237,10.782244309013912,11.008385866205936,212,177,165,0.795775717296259,#d4b1a5
329,a_photo_of_sandra_portrait_photography_full_color_face_full_frame,76.32642058416639,13.793278098844073,17.024506974778326,225,178,158,0.8898659444623265,#e1b29e
330,a_photo_of_nina_portrait_photography_full_color_face_full_frame,81.3357881899721,7.224637855998488,9.767122667148955,223,197,184,0.9339266755099784,#dfc5b8
331,a_photo_of_julia_portrait_photography_full_color_face_full_frame,78.84232672382831,8.143631971911539,8.775787037621129,217,190,179,0.8227434856454998,#d9beb3
332,a_photo_of_lady_portrait_photography_full_color_face_full_frame,78.22381148121632,12.164328483414916,10.605488045000932,224,185,174,0.7170439940186577,#e0b9ae
333,a_photo_of_sandra_portrait_photography_full_color_face_full_frame,81.34174240518475,13.21306028501742,9.84255657680098,234,193,184,0.6402363129295852,#eac1b8
334,a_photo_of_rihanna_portrait_photography_full_color_face_full_frame,70.19102321561982,17.500772569631714,32.36886344643929,220,159,114,1.07514688260052,#dc9f72
335,a_photo_of_amita_portrait_photography_full_color_face_full_frame,75.01806642176348,9.809992580426682,6.180421619701868,207,178,174,0.5621959599816918,#cfb2ae
336,a_photo_of_neymar_portrait_photography_full_color_face_full_frame,63.05814895392062,15.51541048286887,23.636176389931116,193,142,111,0.9899166747864412,#c18e6f
337,a_photo_of_madonna_portrait_photography_full_color_face_full_frame,81.36532136047842,6.319574797901858,9.702353211938952,222,198,184,0.9934764911648895,#dec6b8
338,a_photo_of_harrison_portrait_photography_full_color_face_full_frame,58.688029711110154,20.767216291220784,11.256556926121894,183,127,122,0.496707444964043,#b77f7a
339,a_photo_of_iko_portrait_photography_full_color_face_full_frame,70.60803680080562,9.644302041151505,9.050558710150739,197,166,157,0.7536491267254588,#c5a69d
340,a_photo_of_iko_portrait_photography_full_color_face_full_frame,62.23098723339332,15.757781937443417,16.888992391673554,188,140,121,0.8200342977362052,#bc8c79
341,.ipynb_checkpoints,72.73781274568476,15.387282376184615,16.710356706205943,217,168,149,0.8265951417369057,#d9a895
342,a_photo_of_roger_portrait_photography_full_color_face_full_frame,65.59590271583903,13.972785006351454,4.53285845535936,187,150,152,0.31369475741389236,#bb9698
343,a_photo_of_michael_portrait_photography_full_color_face_full_frame,59.38301408719505,14.914205898319372,12.251870050462298,176,133,122,0.6877078961438828,#b0857a
344,a_photo_of_tyler_portrait_photography_full_color_face_full_frame,76.04108847141367,19.261784166010287,15.450918154134744,232,174,160,0.6760530071455512,#e8aea0
345,a_photo_of_hailee_portrait_photography_full_color_face_full_frame,77.21666296699098,8.993262000741375,8.479586287079927,214,185,175,0.7560081179598511,#d6b9af
346,a_photo_of_jaycee_portrait_photography_full_color_face_full_frame,76.69734777485597,11.597516849331777,3.5074896650689613,214,182,183,0.29368881745808983,#d6b6b7
347,a_photo_of_hailee_portrait_photography_full_color_face_full_frame,84.55387417819175,14.633238433828108,3.8363833106095253,242,201,204,0.2563987595489015,#f2c9cc
348,a_photo_of_bruce_portrait_photography_full_color_face_full_frame,70.98921602166399,15.35869128562813,8.268821174451745,207,164,159,0.4938786080500681,#cfa49f
349,a_photo_of_yuvraj_portrait_photography_full_color_face_full_frame,78.51110213995496,15.938179794305377,17.278251450129503,235,183,163,0.8257199341966045,#ebb7a3
350,a_photo_of_sung_portrait_photography_full_color_face_full_frame,81.121154548487,10.898427242732637,8.839377849408335,228,194,185,0.6814540594272033,#e4c2b9
351,a_photo_of_brad_portrait_photography_full_color_face_full_frame,81.74303277844089,13.10857269909586,3.506189351555113,231,195,197,0.26135504746627647,#e7c3c5
352,a_photo_of_justin_portrait_photography_full_color_face_full_frame,65.33465495354965,11.040358158194131,16.757109721202664,189,151,129,0.9882274479742206,#bd9781
353,a_photo_of_yuvraj_portrait_photography_full_color_face_full_frame,73.36944330738973,11.202066209126185,23.198158386772413,215,172,138,1.1209334046863269,#d7ac8a
354,a_photo_of_harrison_portrait_photography_full_color_face_full_frame,78.06288537263342,10.690796288835273,8.169809081241429,219,186,178,0.6525215849901814,#dbbab2
355,a_photo_of_leonardo_portrait_photography_full_color_face_full_frame,63.53363196819947,18.887828539473265,28.539836921901376,201,140,104,0.9861665185885119,#c98c68
356,a_photo_of_jerry_portrait_photography,83.22237691074818,-0.2273830180005547,-0.039028072021654064,207,207,207,0.16998387634898846,#cfcfcf
357,a_photo_of_konnie_portrait_photography_full_color_face_full_frame,85.34098734901387,8.967149604613228,7.768765260509543,236,207,199,0.7139146232748406,#eccfc7
358,a_photo_of_bolo_portrait_photography_full_color_face_full_frame,67.57296086911927,16.480298195424638,15.981483370647691,203,153,137,0.7700331542663335,#cb9989
359,a_photo_of_cher_portrait_photography_full_color_face_full_frame,83.96260625420167,6.632609047545415,8.296219410052366,229,205,194,0.89637639485728,#e5cdc2
360,a_photo_of_oprah_portrait_photography_full_color_face_full_frame,65.28863022211125,20.25462827929921,24.810377309905473,207,144,115,0.8861487100986178,#cf9073
361,a_photo_of_amita_portrait_photography_full_color_face_full_frame,67.3411667528152,15.915303572327684,13.324670020325406,200,153,141,0.6970298668386773,#c8998d
362,a_photo_of_kobe_portrait_photography_full_color_face_full_frame,81.478204692025,11.6868292295593,10.091894348372723,232,194,184,0.712295039762376,#e8c2b8
363,a_photo_of_anne_portrait_photography_full_color_face_full_frame,80.51466870051486,10.23200876902019,7.475116911588376,225,193,186,0.6309442921810644,#e1c1ba
364,a_photo_of_sanjeev_portrait_photography_full_color_face_full_frame,59.277218437832744,27.465044833306962,24.347378181604213,200,123,101,0.7252984436720665,#c87b65
365,a_photo_of_hailee_portrait_photography_full_color_face_full_frame,83.91117119956655,10.018310173293141,5.557991709261982,233,203,199,0.5065082316397859,#e9cbc7
366,a_photo_of_bruce_portrait_photography_full_color_face_full_frame,61.893590593868225,23.92410030530932,18.028578138570786,200,133,119,0.6457844988818229,#c88577
367,a_photo_of_bruce_portrait_photography_full_color_face_full_frame,68.07797745625726,8.890874439141385,9.810557393208782,189,160,149,0.834535718844107,#bda095
368,a_photo_of_brandon_portrait_photography_full_color_face_full_frame,80.85340128168352,11.553213342027728,6.113881348131372,227,193,190,0.4867284596881402,#e3c1be
369,a_photo_of_rae_portrait_photography_full_color_face_full_frame,67.83892464462552,15.67446264966097,13.937981779501417,202,155,141,0.7268249992863678,#ca9b8d
370,a_photo_of_will_portrait_photography_full_color_face_full_frame,74.70871014006974,14.730490509089169,21.090901428489524,224,173,146,0.961125716211663,#e0ad92
371,a_photo_of_elton_portrait_photography_full_color_face_full_frame,73.21107264304538,14.831202386413942,13.780822902095686,216,170,155,0.7487035223420652,#d8aa9b
372,a_photo_of_adele_portrait_photography_full_color_face_full_frame,76.12282593869139,12.295332786985778,14.795894600145015,220,179,161,0.8774389047857917,#dcb3a1
373,a_photo_of_nina_portrait_photography_full_color_face_full_frame,78.60784652017341,9.080732555587232,9.300034227488807,218,188,178,0.7973286377641567,#dabcb2
374,a_photo_of_tom_portrait_photography_full_color_face_full_frame,60.83866607553645,16.361253259179534,15.902070043625015,184,136,120,0.7711667647608798,#b88878
375,.ipynb_checkpoints,65.26612616389752,0.16421694065038506,-0.3028332588998648,158,158,159,-1.0739083714271764,#9e9e9f
376,a_photo_of_meera_portrait_photography_full_color_face_full_frame,67.05715089675631,12.278235711600955,9.442379106752814,192,155,147,0.6555719109909981,#c09b93
377,a_photo_of_devon_portrait_photography_full_color_face_full_frame,82.59933376548034,14.52758314178429,3.570854540307013,236,196,199,0.24102018378031037,#ecc4c7
378,a_photo_of_neymar_portrait_photography_full_color_face_full_frame,72.790157190229,18.717182093229006,28.05040542182121,228,165,128,0.982376441585217,#e4a580
379,a_photo_of_neymar_portrait_photography_full_color_face_full_frame,71.94165973509259,1.722082647669783,2.738514695465305,182,175,171,1.0094417185511237,#b6afab
380,a_photo_of_brad_portrait_photography_full_color_face_full_frame,75.42330355592512,13.529393422781343,9.190627825964423,217,177,169,0.5967034445226799,#d9b1a9
381,a_photo_of_brad_portrait_photography_full_color_face_full_frame,68.88499364166334,0.3089238343438616,-0.528939718247211,168,168,169,-1.0421921345524403,#a8a8a9
382,a_photo_of_simon_portrait_photography_full_color_face_full_frame,70.9277552120699,13.408831713967844,11.609435549310392,206,164,153,0.7135985057443262,#cea499
383,a_photo_of_david_portrait_photography_full_color_face_full_frame,69.67989486020596,17.39969207355019,15.814449960624895,211,158,142,0.7377064286401325,#d39e8e
384,a_photo_of_james_portrait_photography_full_color_face_full_frame,74.26750855351577,16.634766434714546,9.643651970941454,219,171,166,0.5253807818564197,#dbaba6
385,a_photo_of_davood_portrait_photography_full_color_face_full_frame,58.831380536838765,13.676599140497812,13.504460066374673,173,132,119,0.7790651955940469,#ad8477
386,a_photo_of_robert_portrait_photography_full_color_face_full_frame,75.98194718163109,16.324656413063387,5.8307244536363125,221,177,177,0.34305056175254117,#ddb1b1
387,a_photo_of_ben_portrait_photography_full_color_face_full_frame,72.36752699821172,22.971594986282973,21.120387242623863,230,161,140,0.7434376739965981,#e6a18c
388,a_photo_of_madonna_portrait_photography_full_color_face_full_frame,80.22538309456199,9.383870011439283,10.904979840801037,225,192,179,0.8602308625823779,#e1c0b3
389,a_photo_of_steven_portrait_photography_full_color_face_full_frame,78.7823698758852,12.66302485280326,8.828281085219023,225,186,179,0.6088241118284226,#e1bab3
390,a_photo_of_celine_portrait_photography_full_color_face_full_frame,79.01123292970917,10.954320437925274,10.506474402303848,224,188,177,0.7645330907402039,#e0bcb1
391,a_photo_of_george_portrait_photography_full_color_face_full_frame,81.06436301015985,13.956378866204503,14.589440846048442,237,191,175,0.8075715755594433,#edbfaf
392,a_photo_of_dave_portrait_photography_full_color_face_full_frame,74.38327459506145,0.00584969298851469,-0.028252694486271577,183,183,183,-1.3666321324279505,#b7b7b7
393,a_photo_of_adele_portrait_photography_full_color_face_full_frame,78.42645935983668,-0.025554913434260418,-0.004687280535419874,194,194,194,0.18140355768580982,#c2c2c2
394,a_photo_of_neymar_portrait_photography_full_color_face_full_frame,72.97764251665754,18.73552634532671,26.51418852678824,227,165,132,0.9556394412368812,#e3a584
395,a_photo_of_dalip_portrait_photography_full_color_face_full_frame,72.68915416179625,9.843468543181253,12.495197724587152,205,171,156,0.9035510636353044,#cdab9c
396,a_photo_of_jaycee_portrait_photography_full_color_face_full_frame,75.94531818632223,8.032353857336961,8.569761938907359,209,182,172,0.8177567197407509,#d1b6ac
397,a_photo_of_himesh_portrait_photography_full_color_face_full_frame,59.96197504196958,15.961782152889342,16.671587140962373,181,134,116,0.8071456292156646,#b58674
398,a_photo_of_hailee_portrait_photography_full_color_face_full_frame,76.12989628896949,11.97190043240018,8.49461199935751,216,180,173,0.6171038707081783,#d8b4ad
399,a_photo_of_dante_portrait_photography_full_color_face_full_frame,77.0201640806752,10.759869506281095,9.874726415111713,217,183,172,0.7425283740458606,#d9b7ac
400,a_photo_of_amol_portrait_photography_full_color_face_full_frame,80.12362200143029,11.074124586195829,17.325488552673885,231,191,167,1.0020643066930919,#e7bfa7
401,a_photo_of_lionel_portrait_photography_full_color_face_full_frame,72.46766985416559,10.063887852115519,13.95053440633816,206,171,153,0.9458531670515684,#ceab99
402,a_photo_of_lebron_portrait_photography_full_color_face_full_frame,49.993510232246,19.056102421920478,15.680904575505867,158,106,93,0.6885378907591638,#9e6a5d
403,a_photo_of_parminder_portrait_photography_full_color_face_full_frame,70.70924529019166,16.455677232765964,20.432508263331925,215,161,137,0.8927911029631257,#d7a189
404,a_photo_of_paul_portrait_photography_full_color_face_full_frame,68.6792869394227,14.255451419804118,9.757986718758712,200,158,151,0.6002535769724804,#c89e97
405,a_photo_of_james_portrait_photography_full_color_face_full_frame,73.87269869667804,16.852450899678757,14.946071163223131,221,170,155,0.7255180010028396,#ddaa9b
406,a_photo_of_oprah_portrait_photography_full_color_face_full_frame,64.32390398603984,24.82337785892996,32.4670986385202,213,138,99,0.9180352832570138,#d58a63
407,a_photo_of_sandra_portrait_photography_full_color_face_full_frame,76.89160334894873,16.01652547242652,11.870481101115015,227,179,169,0.6378062868030374,#e3b3a9
408,a_photo_of_konnie_portrait_photography_full_color_face_full_frame,76.52553928194052,11.536812600414883,9.595866619622086,217,181,172,0.6938094105040556,#d9b5ac
409,a_photo_of_devon_portrait_photography_full_color_face_full_frame,72.9339486301707,11.61007972043669,8.212130930958413,206,171,165,0.6156269694122606,#ceaba5
410,a_photo_of_nadia_portrait_photography_full_color_face_full_frame,84.08815622377577,-0.2560952669739016,0.1578818074579965,209,210,209,-0.5524609764878606,#d1d2d1
411,a_photo_of_parminder_portrait_photography_full_color_face_full_frame,58.88076858457417,23.03143541989043,24.74448101376732,192,125,100,0.8212386488718264,#c07d64
412,a_photo_of_mariah_portrait_photography_full_color_face_full_frame,75.27950559902501,13.879579560283062,11.750354892016254,219,176,164,0.7025127965062787,#dbb0a4
413,a_photo_of_oprah_portrait_photography_full_color_face_full_frame,69.7041122264281,18.068667291492503,27.072657844766958,217,157,122,0.9822766083378474,#d99d7a
414,a_photo_of_geraldine_portrait_photography_full_color_face_full_frame,79.87496376490972,0.03486625881497565,-0.008847776110440568,198,198,198,-0.24851742307002778,#c6c6c6
415,a_photo_of_bolo_portrait_photography_full_color_face_full_frame,78.54037169176706,12.441776831890524,18.58190967316091,230,185,161,0.9807905932683437,#e6b9a1
416,a_photo_of_himesh_portrait_photography_full_color_face_full_frame,69.3641153371245,0.10283241699692502,-0.1929674728768235,169,169,170,-1.0811762268534584,#a9a9aa
417,a_photo_of_ernie_portrait_photography_full_color_face_full_frame,72.35668868462506,13.472195539593367,16.39819686240729,212,168,148,0.8830432158097766,#d4a894
418,a_photo_of_bd_portrait_photography_full_color_face_full_frame,75.00566827292423,13.514939857559591,7.908264622111449,215,176,171,0.5294286829032705,#d7b0ab
419,a_photo_of_anupam_portrait_photography_full_color_face_full_frame,56.788647095095584,10.934741763892756,16.737355937173962,165,129,108,0.9920952329082086,#a5816c
420,a_photo_of_kylie_portrait_photography_full_color_face_full_frame,80.58497755648104,10.32197291586988,12.543338256694444,228,193,177,0.8822442603508516,#e4c1b1
421,a_photo_of_celina_portrait_photography_full_color_face_full_frame,76.56366692736331,6.554870498609733,7.588613528142197,207,184,175,0.8583581298104717,#cfb8af
422,a_photo_of_sarah_portrait_photography_full_color_face_full_frame,86.20922750215937,9.610310344950172,14.592840629902348,245,209,189,0.9884246963203583,#f5d1bd
423,a_photo_of_rihanna_portrait_photography_full_color_face_full_frame,64.3465959275012,11.33289058366067,26.8573814040248,191,148,109,1.1714986633058562,#bf946d
424,a_photo_of_neymar_portrait_photography_full_color_face_full_frame,70.33313379921442,12.994580423341446,14.078847486446762,205,163,147,0.8254258956433841,#cda393
425,a_photo_of_himesh_portrait_photography_full_color_face_full_frame,71.18294797585654,17.727587180006616,31.152387171724932,222,161,118,1.0534373366854146,#dea176
426,a_photo_of_sanjeev_portrait_photography_full_color_face_full_frame,58.423398894566304,16.520008173182667,25.459624957081072,182,129,97,0.995215303024378,#b68161
427,a_photo_of_jennifer_portrait_photography_full_color_face_full_frame,85.43997856432382,12.889738969431868,3.478262314149936,241,205,207,0.2635695807848024,#f1cdcf
428,a_photo_of_mindy_portrait_photography_full_color_face_full_frame,81.82509845586539,7.558110734230565,6.259812720109894,223,198,192,0.6917156602500917,#dfc6c0
429,a_photo_of_bd_portrait_photography_full_color_face_full_frame,76.55599311882202,13.387039210320152,7.521798191750122,219,180,176,0.5119120315893452,#dbb4b0
430,a_photo_of_geraldine_portrait_photography_full_color_face_full_frame,81.71365133903002,12.2874082153953,13.762799936879397,236,194,178,0.8419741880245294,#ecc2b2
431,a_photo_of_mel_portrait_photography_full_color_face_full_frame,76.1847577382848,15.43857174477549,15.422213243912852,226,177,160,0.7848680894107851,#e2b1a0
