name,similarity@24
Picabo Street,0.9670003255208334
Bradley Cooper,0.9588826497395834
Siti Badriah,0.9559122721354166
H.E.R.,0.9540812174479166
Toše Proeski,0.9524739583333334
Martin Scorsese,0.9511922200520834
Ayim Mukhamedjanova,0.9498291015625
Takeshi Kaneshiro,0.9487508138020834
Diana Hayden,0.947998046875
Kathem Al-Saher,0.947265625
Nikhil Advani,0.9464111328125
Jason Bateman,0.9457804361979166
Ricky Schroder,0.9450480143229166
Cicely Tyson,0.94451904296875
Tim Robbins,0.9438680013020834
Diya Mirza,0.9433797200520834
Joseph Gordon-Levitt,0.9427897135416666
Cote de Pablo,0.9421183268229166
Chen Daoming,0.9417521158854166
Ronaldinho,0.9411417643229166
Shirley MacLaine,0.9407145182291666
Tom Hardy,0.9402669270833334
Yalitza Aparicio,0.9398193359375
Hu Ge,0.939453125
Yassi Pressman,0.93914794921875
Ranbir Kapoor,0.9388224283854166
Simone Manuel,0.9384562174479166
Ayesha Takia,0.93798828125
Ian Somerhalder,0.9377848307291666
Salman Ahmad,0.9375
Rosie Perez,0.9372965494791666
Sandhya Mridul,0.9369303385416666
Marilyn Monroe,0.9365234375
Kirsten Dunst,0.93634033203125
Allu Arjun,0.93603515625
Antonio Aguilar,0.9355875651041666
Zhou Xun,0.93548583984375
Sebastian Castro,0.93505859375
Yoo Jae-suk,0.9345906575520834
Gauhar Khan,0.93426513671875
Anil Kapoor,0.93408203125
Sara Ali Khan,0.9338785807291666
Miranada Ayim,0.93359375
Meryl Streep,0.9334513346354166
Shaggy,0.93310546875
Sanjay Dutt,0.93310546875
Haley Joel Osment,0.9326985677083334
Frank Lampard,0.9326171875
Joey Yung,0.9323323567708334
Lupita Tovar,0.93212890625
Laura Dern,0.93212890625
Genelia D'Souza,0.9316609700520834
Gabby Douglas,0.931640625
Elisabeth Moss,0.9315592447916666
Vince Vaughn,0.93115234375
King Kapisi,0.93115234375
Madhubala,0.93072509765625
Chavela Vargas,0.9306640625
Gong Hyo-jin,0.9303995768229166
Ann Kok,0.93017578125
Park Shin-hye,0.92974853515625
Won Bin,0.9296875
Reese Witherspoon,0.9295654296875
Arjun Kapoor,0.92919921875
Paul Rudd,0.9291178385416666
Eli Manning,0.9287109375
Park Ji-sung,0.9287109375
Jessica Mauboy,0.92828369140625
Jeremy Irons,0.92822265625
Luis Miguel,0.92803955078125
Nicki Minaj,0.927734375
Rafael Amaya,0.927734375
Esai Morales,0.92724609375
Tom Daley,0.92724609375
Billy Bob Thornton,0.92694091796875
Henry Thomas,0.9267578125
Kishore Kumar,0.9267578125
Venus Williams,0.9263102213541666
Rachel McAdams,0.92626953125
Ryan Gosling,0.92626953125
Jennifer Lawrence,0.9258626302083334
Sissy Spacek,0.92578125
Kamal Haasan,0.92572021484375
Virat Kohli,0.92529296875
Shizuka Arakawa,0.92529296875
Teuila Blakely,0.925048828125
Joaquín Guzmán,0.9248046875
Erke Esmahan,0.9248046875
Ha Dong Hoon,0.9244791666666666
Carly Patterson,0.92431640625
Millie Bobby Brown,0.92431640625
Reggie Miller,0.9240315755208334
Daniel Kaluuya,0.923828125
Remo D'Souza,0.923828125
Karthik Sivakumar,0.9236246744791666
Jessica Alba,0.92333984375
Shekhar Kapur,0.92333984375
Kunal Kapoor,0.9229939778645834
Cathy Freeman,0.9228515625
Arnold Schwarzenegger,0.9228515625
Jung Woo-sung,0.9227701822916666
Kevin Costner,0.92236328125
Rana Daggubati,0.92236328125
Dato’ Sri Siti Nurhaliza,0.9222615559895834
Nichkhun,0.921875
Mindy Kaling,0.921875
Esha Deol,0.921875
Tuba Büyüküstün,0.9214070638020834
Rila Fukushima,0.92138671875
Rafael Nadal,0.9213663736979166
Chen Hanwei,0.9208984375
Soledad Pastorutti,0.9208984375
Myriam Hernández,0.9208984375
Alexis Sanchez,0.920654296875
Julia Roberts,0.92041015625
Wang Meng,0.92041015625
Benicio del Toro,0.9201456705729166
Neymar Jr.,0.919921875
Fahad Mustafa,0.919921875
Will Smith,0.919921875
Lee Young-ae,0.91961669921875
Usain Bolt,0.91943359375
Jamie Foxx,0.91943359375
Dulquer Salmaan,0.91943359375
Dilip Kumar,0.9190673828125
David Archuleta,0.9189453125
Neha Sharma,0.9189453125
Juanes,0.9189046223958334
Arif Lohar,0.91845703125
Isyana Sarasvati,0.91845703125
Jayasurya,0.91845703125
Sahil Khan,0.918212890625
Huang Xiaoming,0.91796875
Kal Penn,0.91796875
Alex Rendell,0.91796875
Kajal Aggarwal,0.91766357421875
Priyanka Chopra,0.91748046875
Hakeem Olajuwon,0.91748046875
Ryan Reynolds,0.91748046875
Geoffrey Rush,0.9170125325520834
Andre Agassi,0.9169921875
Andy Serkis,0.9169921875
Dolly Parton,0.91668701171875
Renée Zellweger,0.91650390625
Guillermo del Toro,0.91650390625
Shailene Woodley,0.91650390625
Tatchakorn Yeerum,0.91619873046875
Sterling K,0.916015625
Joe Odagiri,0.916015625
Steven Yeun,0.9158732096354166
Sadio Mané,0.91552734375
Constance Song,0.91552734375
Donald Glover,0.91552734375
Judi Dench,0.9151204427083334
Haley Bennett,0.9150390625
Simran Bagga,0.9150390625
John Leguizamo,0.9149576822916666
Mark-Paul Gosselaar,0.91455078125
Haifa Wehbe,0.91455078125
Yulduz Usmanova,0.91455078125
Olga Korbut,0.91424560546875
Heather Headley,0.9140625
Romelu Lukaku,0.9140625
Melissa Viviane Jefferson,0.9140625
Elodie Yung,0.9140625
Eduardo Yáñez,0.9136149088541666
Jordan Rodrigues,0.91357421875
Jennifer Hudson,0.91357421875
Ko Chen-tung,0.91357421875
Kangana Ranaut,0.9132080078125
Gillian Anderson,0.9130859375
Olamide,0.9130859375
Sanya Malhotra,0.9130859375
Gina Torres,0.9130859375
Geeta Phogat,0.9126180013020834
Selena Quintanilla,0.91259765625
Jaime Camil,0.91259765625
Jefri Nichol,0.9124959309895834
José José,0.912109375
Dan Sultan,0.912109375
Harry Kane,0.912109375
Janhvi Kapoor,0.91192626953125
Zo In-sung,0.91162109375
Sai Pallavi,0.91162109375
Jay Chou,0.91162109375
Komal Jha,0.91162109375
Regina King,0.9113566080729166
Didier Drogba,0.9111328125
Tabassum Fatima Hashmi,0.9111328125
Yoon Eun-hye,0.9111328125
Mark Rothko,0.91070556640625
Rihanna,0.91064453125
Trisha Krishnan,0.91064453125
Coco Lee,0.91064453125
Pele,0.91058349609375
Mahesh Babu,0.91015625
Bunga Citra Lestari,0.91015625
Prabhas,0.91015625
Zanjoe Marudo,0.91015625
Pierce Brosnan,0.9099934895833334
Anita Yuen,0.90966796875
Liam Hemsworth,0.90966796875
Michelle Ye,0.90966796875
Annette Bening,0.9094441731770834
Alia Bhatt,0.9091796875
Michelle Rodriguez,0.9091796875
Jordan Peele,0.9091796875
Freddy Adu,0.90899658203125
Joe Taslim,0.90869140625
America Ferrera,0.90869140625
Fernanda Montenegro,0.90869140625
Yohan Blake,0.90869140625
Shawn Johnson,0.9085489908854166
Al Pacino,0.908203125
Neelofa,0.908203125
Zahra Amir Ebrahimi,0.908203125
M.I.A.,0.908203125
John Abraham,0.9079996744791666
Michael Douglas,0.90771484375
Kim Woo-bin,0.90771484375
Yuna,0.90771484375
Edward Norton,0.90771484375
Daley Thompson,0.9072469075520834
Chrissie Chau,0.9072265625
Arifin Putra,0.9072265625
Christoph Waltz,0.9072265625
Raveena Tandon,0.9068400065104166
Pritviraj Sukumaran,0.90673828125
Richard Gere,0.90673828125
Takeshi Terauchi,0.90673828125
Iwa Moto,0.90673828125
Naveen Kumar Gowda,0.9064737955729166
Omar Sharif,0.90625
Kate Beckinsale,0.90625
Gary Chaw,0.90625
Choi Daniel,0.90625
Sarah Menezes,0.9058634440104166
Trevor Noah,0.90576171875
Zendaya,0.90576171875
Kareem Abdul-Jabbar,0.90576171875
Mohammed Rafi,0.90570068359375
Wang Leehom,0.9052734375
Diane Keaton,0.9052734375
Chespirito,0.9052734375
Mark Ruffalo,0.90509033203125
Tia Carrere,0.90478515625
Ben Stiller,0.90478515625
Daveed Diggs,0.90478515625
HyunA,0.90478515625
Landon Donovan,0.9047037760416666
Corey Feldman,0.904296875
Michael Jackson,0.904296875
Eddie Peng,0.904296875
Varun Grover,0.904296875
Satoshi Tajiri,0.9040323893229166
Wizkid,0.90380859375
Han Ga-in,0.90380859375
Ekin Cheng,0.90380859375
Akshay Kumar,0.9034830729166666
Wang Lee Hom,0.9033203125
Leonardo DiCaprio,0.9033203125
Tirunesh Dibaba,0.9033203125
Aziz Ansari,0.9032796223958334
Mickey Rooney,0.90283203125
Pamela Anderson,0.90283203125
Mizuhara Kiko,0.90283203125
Aaron Kwok,0.90283203125
Wendy Sulca,0.9024454752604166
Benedict Cumberbatch,0.90234375
Sarah Michelle Gellar,0.90234375
Bae Suzy,0.90234375
Parveen Babi,0.9023030598958334
Zhao Wei,0.90185546875
Amit Sadh,0.90185546875
Uzo Aduba,0.90185546875
Sammy Davis Jr.,0.90185546875
Bae Yong-joon,0.9017740885416666
Amrita Rao,0.9013671875
Venkatesh Prabhu Kasthuri Raja,0.9013671875
KJ Apa,0.9013671875
Winona Ryder,0.9013671875
Sridevi,0.9012451171875
Abby Wambach,0.90087890625
Assi El Helani,0.90087890625
Yuvraj Singh,0.90087890625
Bhumi Pednekar,0.90087890625
Sunny Leone,0.90087890625
Ruby Lin,0.9005940755208334
Mumtaz Sorcar,0.900390625
Anne Hathaway,0.900390625
Ellen Burstyn,0.900390625
Halle Berry,0.900390625
Irrfan Khan,0.9000651041666666
Barun Sobti,0.89990234375
Milla Jovovich,0.89990234375
Tatum O'Neal,0.89990234375
Janel Parrish,0.89990234375
Taapsee Pannu,0.8997599283854166
Huma Qureshi,0.8994140625
Elle Fanning,0.8994140625
A.B,0.8994140625
Angela Chang,0.8994140625
Rainsford Qualley,0.8989664713541666
Ha Ji-won,0.89892578125
Fawad Khan,0.89892578125
Christiano Ronaldo,0.8988850911458334
Stephen Chow,0.8984375
Shraddha Kapoor,0.8984375
Huang Shengyi,0.8984375
Celia Cruz,0.8984375
Jackie Chan,0.8980712890625
Kareena Kapoor,0.89794921875
Eric Wainaina,0.89794921875
Owen Wilson,0.89794921875
Denzel Washington,0.89776611328125
Omar Sy,0.8974609375
Bipasha Basu,0.8974609375
Anna Paquin,0.8974609375
Stephen Curry,0.8972981770833334
Yelena Isinbayeva,0.89697265625
Kathy Griffin,0.89697265625
Vijay,0.89697265625
Rami Malek,0.89697265625
Rimi Sen,0.8966878255208334
Naveen Andrews,0.896484375
Yoo Ah-in,0.896484375
Karl Malone,0.896484375
Kim Tae-ri,0.8963623046875
Mercy Johnson,0.89599609375
Chloé Zhao,0.89599609375
Urvashi Rautela,0.89599609375
Rekha,0.89599609375
Sarah Paulson,0.89593505859375
Osvaldo Ardiles,0.8955078125
Vijay Sethupathi,0.8955078125
N. T. Rama Rao Jr.,0.8955078125
Henry Lau,0.8955078125
Asghar Farhadi,0.8953450520833334
Daniel Wu,0.89501953125
Benjamin Alire Sáenz,0.89501953125
Moses Chan,0.89501953125
Mrunal Thakur,0.89501953125
Edward James Olmos,0.8946533203125
Emilia Clarke,0.89453125
Michael Owen,0.89453125
Rani Padmini,0.89453125
Komal Aziz Khan,0.8941853841145834
Elissa,0.89404296875
Sammi Cheng,0.89404296875
Sebastian Stan,0.89404296875
Angelina Jolie,0.8940022786458334
Kıvanç Tatlıtuğ,0.8935546875
George Best,0.8935546875
Tony Leung Ka-fai,0.8935546875
Noziya Karomatullo,0.8935546875
Ileana D'Cruz,0.8934122721354166
Kate Hudson,0.89306640625
José Alfredo Jiménez,0.89306640625
Gugu Mbatha-Raw,0.8930460611979166
Glenda Jackson,0.892578125
George Clooney,0.892578125
"Mario Moreno ""Cantinflas""",0.892578125
Kerry Washington,0.892578125
Sarkodie,0.8924763997395834
Ding Junhui,0.89208984375
Miroslav Klose,0.89208984375
Masami Kurumada,0.89208984375
Toshiro Mifune,0.89190673828125
Ichiro Suzuki,0.8916015625
Lorne Cardinal,0.8916015625
Rajinikanth,0.8916015625
Dustin Hoffman,0.8916015625
Amy Adams,0.89117431640625
Song Ji-hyo,0.89111328125
Tobey Maguire,0.89111328125
Shriya Saran,0.89111328125
Spike Lee,0.89111328125
Fernando Colunga,0.8907674153645834
Taika Waititi,0.890625
Rory McIlroy,0.890625
Kiara Advani,0.890625
Danica Patrick,0.8905029296875
Madhuri Dixit,0.89013671875
Rosita Quintana,0.89013671875
Stephanie Cayo,0.89013671875
Iqbaal Dhiafakhri Ramadhan,0.8900960286458334
Mario Van Peebles,0.8896484375
Danny DeVito,0.8896484375
Artur Avila,0.8896484375
Jennie Finch,0.8896484375
Michael J,0.8896077473958334
Ken Jeong,0.88916015625
Yuzuru Hanyu,0.88916015625
Salman Khan,0.88916015625
Andy Lau,0.88916015625
Warwick Thornton,0.88916015625
Edward Yang,0.8888346354166666
Zuria Vega,0.888671875
Joey Lawrence,0.888671875
Yuvan Shankar Raja,0.888671875
Thandie Newton,0.888671875
Crystal Kay,0.8885904947916666
Martina Stoessel,0.88818359375
Zoya Akhtar,0.88818359375
Tim Duncan,0.88818359375
Viola Davis,0.88818359375
Bill Nighy,0.8878987630208334
Farhan Akhtar,0.8876953125
Judy Garland,0.8876953125
Lindsay Lohan,0.8876953125
Mia Hamm,0.88763427734375
Meera,0.88720703125
Sanam Saeed,0.88720703125
Swara Bhaskar,0.88720703125
Sudeep,0.886962890625
Kobe Bryant,0.88671875
Chiranjeevi,0.88671875
Billie Jean King,0.88671875
Patricia Arquette,0.88671875
Aarif Rahman,0.88653564453125
Sofia Boutella,0.88623046875
Mary Kom,0.88623046875
Linda Chung,0.88623046875
Troy Polamalu,0.88623046875
Sean Bean,0.88623046875
Karthi,0.88580322265625
Guo Jingjing,0.8857421875
Nadia Comăneci,0.8857421875
Juan Luis Guerra,0.8857421875
Wagner Moura,0.8856404622395834
Ken Watanabe,0.88525390625
Kento Yamazaki,0.88525390625
Thierry Henry,0.88525390625
Vidya Balan,0.88525390625
Joaquin Phoenix,0.8849283854166666
Ayushmann Khurrana,0.884765625
Zeenat Aman,0.884765625
Anthony Mackie,0.884765625
Mel Gibson,0.88470458984375
Toni Collette,0.88427734375
Priyamani,0.88427734375
Apichatpong Weerasethakul,0.88427734375
Elizabeth Taylor,0.88427734375
Seth Rogen,0.88409423828125
Jermaine Leef,0.8837890625
Hrithik Roshan,0.8837890625
Tenzing Norgay Trainor,0.8837890625
Camila Cabello,0.8837890625
Zhang Ziyi,0.883544921875
Chris Rock,0.88330078125
Amyra Dastur,0.88330078125
Carlos Santana,0.88330078125
Maryam Mirzakhani,0.88299560546875
Ellyse Perry,0.8828125
Sharmeen Obaid-Chinoy,0.8828125
Oscar Isaac,0.8828125
Han Chae-young,0.8828125
Lee Jong-suk,0.88238525390625
Diego Forlán,0.88232421875
Rhea Chakraborty,0.88232421875
Ariana Grande,0.88232421875
Akira,0.88189697265625
Rupee,0.8818359375
Allyson Felix,0.8818359375
Wayne Rooney,0.8818359375
Ajith Kumar,0.88140869140625
Tony Leung,0.88134765625
Meisa Kuroki,0.88134765625
Anna Popplewell,0.88134765625
Lucas Moura,0.8811848958333334
Priyanka Bose,0.880859375
Siddharth Narayan,0.880859375
Natalie Dormer,0.880859375
Lee Ji-eun,0.880859375
Karisma Kapoor,0.8803914388020834
Goran Višnjić,0.88037109375
Carlos Vives,0.88037109375
Tatyana Ali,0.88037109375
Serena Williams,0.8802490234375
Donny Osmond,0.8798828125
Gabriella Sarmiento Wilson,0.8798828125
Anupama Parameswaran,0.8798828125
Adam Beach,0.8796590169270834
Vanessa Hudgens,0.87939453125
Johnny Depp,0.87939453125
Peter Scholze,0.87939453125
Gabourey Sidibe,0.87939453125
Catalina Sandino Moreno,0.87896728515625
Kevin Spacey,0.87890625
Lionel Messi,0.87890625
Sota Fukushi,0.87890625
Naomie Harris,0.87890625
Lindsey Lohan,0.8786417643229166
Chow Yun-fat,0.87841796875
Burna Boy,0.87841796875
Nicholas Saputra,0.87841796875
Joaquín Sabina,0.87841796875
Olga Kurylenko,0.878173828125
Michelle Reis,0.8779296875
Matamba,0.8779296875
Lola Yuldasheva,0.8779296875
Leah Dizon,0.87762451171875
Preetika Rao,0.87744140625
Daniel Radcliffe,0.87744140625
Soha Ali Khan,0.87744140625
Huang Bo,0.87744140625
Sakshi Malik,0.87713623046875
Eva Huang,0.876953125
Wyclef Jean,0.876953125
Abhishek Bachchan,0.876953125
Ayesha Dharker,0.8767903645833334
Agnes Monica,0.87646484375
Juan Gabriel,0.87646484375
Suriya,0.87646484375
Awkwafina (Nora Lum),0.87646484375
Xavier Dolan,0.8759969075520834
Funke Akindele,0.8759765625
Ning Jing,0.8759765625
Ali Suliman,0.8759765625
Tabu,0.8756306966145834
Franz Beckenbauer,0.87548828125
Dino Morea,0.87548828125
Octavia Spencer,0.87548828125
Maggie Q,0.8752034505208334
Asin,0.875
Roberto Baggio,0.875
Eden Hazard,0.875
Ryoko Yonekura,0.8748372395833334
Nastia Liukin,0.87451171875
Gaby Hoffmann,0.87451171875
Raj Kapoor,0.87451171875
Tom Cruise,0.87451171875
Drew Barrymore,0.8740437825520834
Mona Zaki,0.8740234375
Tony Jaa,0.8740234375
Kwon Sang-woo,0.8739420572916666
Ray Romano,0.87353515625
Mohamed Salah,0.87353515625
Jun Ji-hyun,0.87353515625
Kurt Russell,0.87353515625
Stevie Wonder,0.8733113606770834
Luka Modrić,0.873046875
Jodie Foster,0.873046875
Faye Dunaway,0.873046875
Nutan,0.873046875
Idris Elba,0.87255859375
Nana Patekar,0.87255859375
Emma Watson,0.87255859375
Sajal Aly,0.8724772135416666
Cheon Soo-yeon,0.8720703125
Liza Soberano,0.8720703125
Adil Hussain,0.8720703125
Ravi (Kim Won-sik),0.8720703125
Nina Dobrev,0.8718668619791666
Muhammad Ali,0.87158203125
Shaquille O'Neal,0.87158203125
Natalie Portman,0.87158203125
Abdullah Al Rowaished,0.87158203125
Deepika Padukone,0.8714396158854166
Magaly Medina,0.87109375
Matthew McConaughey,0.87109375
Nayanthara,0.87109375
Jim Carrey,0.87109375
Jin (Kim Seok-jin),0.87066650390625
Hiroomi Tosaka,0.87060546875
Hilary Duff,0.87060546875
Bruce Willis,0.87060546875
Nana Mouskouri,0.8702189127604166
Maria Vasilevich,0.8701171875
Ferenc Puskás,0.8701171875
Riz Ahmed,0.8699137369791666
Wes Studi,0.86962890625
Roger Milla,0.86962890625
Janelle Monáe,0.86962890625
Sami Khan,0.86962890625
Kim Soo-hyun,0.8691609700520834
Jon Hamm,0.869140625
Woody Harrelson,0.869140625
Dan Balan,0.8689982096354166
Madhavan,0.86865234375
Sarah Jessica Parker,0.86865234375
Javier Bardem,0.86865234375
Zoe Tay,0.86865234375
Luis Fonsi,0.8681844075520834
Malala Yousafzai,0.8681640625
Surya,0.8681640625
Jim Thorpe,0.8681640625
Rudra Soni,0.86767578125
Priyanka Yoshikawa,0.86767578125
Sania Mirza,0.86767578125
Alamgir,0.86767578125
Taufik Batisah,0.8673095703125
Verónica Cepede Royg,0.8671875
Gerard Piqué,0.8671875
Jeff Bridges,0.8671875
Anushka Sharma,0.86669921875
Lucy Liu,0.86669921875
Samuel L,0.86669921875
Diego Luna,0.86669921875
Caster Semenya,0.8663736979166666
Mira Sethi,0.8662109375
Zain Imam,0.8662109375
Masaki Suda,0.8662109375
Ayumi Hamasaki,0.8659261067708334
Michelle Wie,0.86572265625
Nancy Kerrigan,0.86572265625
Sigourney Weaver,0.86572265625
Diana Penty,0.8657023111979166
Sebastian Coe,0.865234375
Carmen Miranda,0.865234375
Floyd Mayweather Jr.,0.865234375
Benjamin Alves,0.865234375
Javed Sheikh,0.8650105794270834
Rubén Blades,0.86474609375
Salma Hayek,0.86474609375
Michelle Pfeiffer,0.86474609375
Kim Go-eun,0.8646647135416666
Gal Gadot,0.8642578125
LeBron James,0.8642578125
Hadia Ghaleb,0.8642578125
Sarah-Jane Dias,0.8639322916666666
Naseeruddin Shah,0.86376953125
Billie Eilish,0.86376953125
Laurie Hernandez,0.8637288411458334
Nawazuddin Siddiqui,0.86328125
Sunil Chhetri,0.86328125
Yuna Kim,0.86328125
Rachel Weisz,0.8631591796875
Aly Raisman,0.86279296875
Messi,0.86279296875
Rita Moreno,0.86279296875
Ali Jee,0.8626912434895834
Twinkle Khanna,0.8623046875
Léa Seydoux,0.8623046875
Lee Joon-gi,0.8623046875
Park Min-young,0.86224365234375
R,0.86181640625
Khalil Fong,0.86181640625
Parineeti Chopra,0.86181640625
Chow Yun-Fat,0.86181640625
Faye Wong,0.8615315755208334
Hope Solo,0.861328125
Ruth Negga,0.861328125
Kipchoge Keino,0.861328125
Nong Thon,0.86126708984375
Shontelle,0.86083984375
Joseph Vijay,0.86083984375
Hansika Motwani,0.86083984375
Song Joong-ki,0.86083984375
Jennifer Connelly,0.8604939778645834
Kate Winslet,0.8603515625
Kajol,0.8603515625
Jason Momoa,0.8603515625
Noriko Sakai,0.8599446614583334
Cameron Diaz,0.85986328125
Lucas Hedges,0.85986328125
Toshe Proeski,0.85986328125
Jennifer Aniston,0.859619140625
Tina Yothers,0.859375
Disha Patani,0.859375
Bonnie Blair,0.859375
Fernando Valenzuela,0.859375
Ricky Ullman,0.8589274088541666
Hugh Jackman,0.85888671875
Kai Ko,0.85888671875
William Levy,0.85870361328125
Dev Patel,0.8583984375
Amr Waked,0.8583984375
Gwyneth Paltrow,0.8583984375
Manolo Cardona,0.8580729166666666
Ram Charan,0.85791015625
Aishwarya Rai,0.85791015625
Alejandro Fernández,0.85791015625
Alison Hinds,0.8574625651041666
Lavanya Tripathi,0.857421875
Monica Bellucci,0.857421875
Donnie Yen,0.8573404947916666
Brooke Shields,0.85693359375
Kenenisa Bekele,0.85693359375
Dame Maggie Smith,0.85693359375
Russell Crowe,0.85675048828125
Charlton Heston,0.8564453125
Ko So-young,0.8564453125
Hanis Zalikha,0.8564453125
James Earl Jones,0.856201171875
Samantha Akkineni,0.85595703125
Benedict Wong,0.85595703125
Jimmy Smits,0.85595703125
Max Korzh,0.8555908203125
Rui Hachimura,0.85546875
Amy Poehler,0.85546875
Jubin Nautiyal,0.8550618489583334
Zhao Tao,0.85498046875
Jaden Smith,0.85498046875
Genevieve Nnaji,0.85498046875
Yulimar Rojas,0.8546142578125
Shay Mitchell,0.8544921875
Yasmine Al Massri,0.8544921875
Tom Hiddleston,0.8544921875
Feroze Khan,0.8542683919270834
Aamir Khan,0.85400390625
Wil Wheaton,0.85400390625
Cover Drive,0.85400390625
Son Ye-jin,0.8535970052083334
Sushmita Sen,0.853515625
Christian Slater,0.853515625
Isabel Allende,0.853515625
Gabrielle Douglas,0.85308837890625
Jhumpa Lahiri,0.85302734375
Jackie Joyner-Kersee,0.85302734375
Shannon Arrum Williams Lees,0.8528238932291666
Ali Wong,0.8525390625
Olivia Colman,0.8525390625
Cliff Curtis,0.8525390625
Diljit Dosanjh,0.8525390625
Nassar,0.8521728515625
Jamala,0.85205078125
Steffi Graf,0.85205078125
Nadia Dajani,0.8519694010416666
Naga Chaitanya,0.8515625
Marta,0.8515625
Anna Kournikova,0.8515625
Nancy Ajram,0.8513590494791666
Julia Louis-Dreyfus,0.85107421875
Peter Dinklage,0.85107421875
Dhanush,0.85107421875
Ricardo Arjona,0.85076904296875
Vaani Kapoor,0.8505859375
Takeshi Kitano,0.8505859375
Birgit Fischer,0.8505045572916666
Nithya Menen,0.85009765625
Ricardo Montalbán,0.85009765625
Ayase Haruka,0.85009765625
Rakul Preet Singh,0.85003662109375
A. R,0.849609375
Maria Sharapova,0.849609375
Nazym Ospanova,0.849609375
Dorothy Hamill,0.8492024739583334
Rosario Castellanos,0.84912109375
Phoebe Waller-Bridge,0.84912109375
Danny Denzongpa,0.8490193684895834
Ruth B,0.8486328125
Sandra Oh,0.8486328125
Paul Pogba,0.8486328125
Gong Yoo,0.84832763671875
Chen Kun,0.84814453125
Susan Sarandon,0.84814453125
Eva Longoria,0.8477579752604166
Gisele Bündchen,0.84765625
Lupita Nyong'o,0.84765625
Kareena Kapoor Khan,0.8475138346354166
Pusarla Venkata Sindhu,0.84716796875
Celina Jaitley,0.84716796875
Siti Nurhaliza,0.8471476236979166
Chiwetel Ejiofor,0.8466796875
Park Bo-gum,0.8466796875
Elijah Wood,0.8466796875
Maria Mutola,0.8465576171875
Bruno Mars,0.84619140625
Ali Sethi,0.84619140625
Jacob Vargas,0.84619140625
Dwayne Johnson,0.84588623046875
Pooja Hegde,0.845703125
Nicolas Cage,0.845703125
Will Ferrell,0.84539794921875
Cecilia Cheung,0.84521484375
Manish Dayal,0.84521484375
Ragheb Alama,0.8450520833333334
Zhang Jingchu,0.8447265625
Michael Keaton,0.8447265625
Mammootty,0.8447265625
Julianne Moore,0.8444417317708334
Vidyut Jammwal,0.84423828125
Edi Gathegi,0.84423828125
Leila Hatami,0.8440755208333334
Nikki Galrani,0.84375
Mithun Chakraborty,0.84375
Dimash Kudaibergen,0.84375
Sean Paul,0.8434244791666666
Tamer Hosny,0.84326171875
Fairuz,0.84326171875
Sean Connery,0.84326171875
Robert De Niro,0.84283447265625
Yash,0.8427734375
Clayton Kershaw,0.8427734375
Ajay Devgn,0.8423055013020834
Kubbra Sait,0.84228515625
Farid Al-Attrash,0.84228515625
Gael García Bernal,0.8419392903645834
Nadine Lustre,0.841796875
Sarah Hughes,0.841796875
Ramsey Nouah,0.841796875
Mila Kunis,0.84136962890625
Anwar Maqsood,0.84130859375
Awkwafina,0.84130859375
Moon Geun-young,0.8412272135416666
Vicky Kaushal,0.8408203125
Atif Aslam,0.8408203125
Mathangi Arulpragasam,0.8408203125
Rupert Grint,0.84063720703125
Parviz Parastui,0.84033203125
Esperanza Spalding,0.84033203125
Kartik Aaryan,0.84033203125
Diana Karazon,0.8399251302083334
Uma Thurman,0.83984375
Dmitry Koldun,0.83984375
Atharvaa,0.8396199544270834
Oscar De La Hoya,0.83935546875
Amanda Seyfried,0.8392333984375
Sandara Park (Dara),0.8388671875
Iva Lamkum,0.8388671875
Lauren Gottlieb,0.8387858072916666
Sidney Poitier,0.83837890625
Lee Seung-gi,0.83837890625
Naomi Osaka,0.83837890625
Mohanlal,0.83807373046875
Florence Griffith Joyner,0.837890625
Neelam Kothari,0.837890625
Maggie Cheung,0.8377685546875
Fernanda Castillo,0.83740234375
Deborah Mailman,0.83740234375
Arnel Pineda,0.83740234375
Billy Crystal,0.8372395833333334
Eva Mendes,0.8369140625
Hayao Miyazaki,0.8369140625
Ken Chu,0.8367106119791666
Constance Wu,0.83642578125
Mary Lou Retton,0.83642578125
Tamannaah Bhatia,0.8364054361979166
Jessy Mendiola,0.8359375
Shirley Temple,0.8359375
Pritam,0.8359375
Varun Dhawan,0.8359375
Reshma Shetty,0.8355916341145834
Anirudh Ravichander,0.83544921875
Selena Gomez,0.83544921875
Jolin Tsai,0.8351643880208334
Elçin Sangu,0.8349609375
Lizzo,0.8349609375
Mickey Rourke,0.8345743815104166
Raoul Bova,0.83447265625
Pawan Kalyan,0.83447265625
Ronda Rousey,0.8341471354166666
Siddharth,0.833984375
Vera Mindy Chokalingam,0.833984375
Rani Mukerji,0.8337809244791666
Ravichandran Ashwin,0.83349609375
Dharmendra,0.83349609375
Nikki Gil,0.83349609375
Djibril Cissé,0.8330891927083334
Anushka Shetty,0.8330078125
Malaika Arora,0.8330078125
Meera Jasmine,0.83258056640625
Jimmy O,0.83251953125
Maya Diab,0.83251953125
Wesley Morris,0.8321533203125
Rebecca Lobo,0.83203125
Yoon Mi-rae,0.83203125
Julie Estelle,0.8316243489583334
Jacqueline Fernandez,0.83154296875
Pierre Png,0.8315226236979166
Danica McKellar,0.8310546875
Frankie Muniz,0.8310546875
Pankaj Tripathi,0.8310546875
Maureen Connolly,0.8308512369791666
Christina Aguilera,0.83056640625
Danny Trejo,0.83056640625
Alex Morgan,0.8302001953125
Choi Si-won,0.830078125
Childish Gambino,0.8298543294270834
Forest Whitaker,0.82958984375
Natti Natasha,0.82958984375
Kapil Dev,0.8293863932291666
Constance Marie,0.8291015625
Cate Blanchett,0.8291015625
Imran Khan,0.8287556966145834
Anna Chlumsky,0.82861328125
Brad Pitt,0.82861328125
Hiroyuki Sanada,0.8281453450520834
Roselyn Sánchez,0.828125
Maudy Koesnaedi,0.8279825846354166
Yumna Zaidi,0.82763671875
Katie Holmes,0.82763671875
Steve Martin,0.8274739583333334
Neil Patrick Harris,0.8271484375
Ko Gyung-pyo,0.8271484375
Sachin Tendulkar,0.8267822265625
Asif Ali,0.82666015625
Gary Oldman,0.8266398111979166
Merle Dandridge,0.826171875
Taylor Swift,0.826171875
Tessa Virtue,0.8261515299479166
Lisa (Lalisa Manoban),0.82568359375
Gian Marco Zignago,0.82568359375
Lee Byung-hun,0.8254597981770834
Osric Chau,0.8251953125
Sonam Kapoor,0.82513427734375
Misty May-Treanor,0.82470703125
Ian McKellen,0.82470703125
Dev Anand,0.8244425455729166
Prabhu Deva,0.82421875
Mesut Özil,0.8241984049479166
Lin Chi-ling,0.82373046875
Sayyeshaa,0.82373046875
Hasan Minhaj,0.823486328125
Freida Pinto,0.8232421875
Shruti Haasan,0.8232421875
Sakshi Tanwar,0.8230997721354166
Pedro Infante,0.82275390625
Sohee (Ahn So-hee),0.82275390625
Ranveer Singh,0.8223063151041666
Demián Bichir,0.822265625
Kaká,0.82220458984375
Daisy Shah,0.82177734375
Zara Noor Abbas,0.82177734375
Bobby Fischer,0.8217366536458334
Ryu Jun-yeol,0.8212890625
Abhay Deol,0.8212890625
Alyssa Naeher,0.8211466471354166
Glenn Close,0.82080078125
Girish Kulkarni,0.82080078125
Yami Gautam,0.82061767578125
Anupam Kher,0.8203125
Frances McDormand,0.8203125
Sandra Bullock,0.8199666341145834
Ben Kingsley,0.81982421875
Meg Ryan,0.81982421875
Bae Doona,0.8193359375
Diego Maradona,0.8193359375
Manoj Bajpayee,0.8193155924479166
Angelique Boyer,0.81884765625
Carole Samaha,0.81884765625
Aikyn,0.8188273111979166
Anita Mui,0.818359375
David Beckham,0.818359375
Ricardo Antonio Chavira,0.8180338541666666
Mara Wilson,0.81787109375
Rola,0.8177083333333334
Gulzhigit Kalykov,0.8173828125
Razane Jammal,0.8173421223958334
Wilma Rudolph,0.81689453125
Lee Hyori,0.81689453125
Hilary Swank,0.81689453125
Kevin Hart,0.8165079752604166
Steve Carell,0.81640625
Tara Lipinski,0.8161824544270834
Mahershala Ali,0.81591796875
Michael Jordan,0.81591796875
Yukichi Yamashita,0.81549072265625
Deng Chao,0.8154296875
Gulsim Ali,0.8152872721354166
Brie Larson,0.81494140625
Divya Dutta,0.81494140625
Mario Testino,0.8145955403645834
Kerri Strug,0.814453125
Sayani Gupta,0.814208984375
David Rudisha,0.81396484375
Amala Paul,0.81396484375
Lindsey Vonn,0.8138631184895834
Martina Hingis,0.8134765625
Boman Irani,0.8134765625
Hideaki Anno,0.81304931640625
Penélope Cruz,0.81298828125
Luna Maya,0.81256103515625
Cristiano Ronaldo,0.8125
Jang Dong-gun,0.8124796549479166
Karen Mok,0.81201171875
Shaan,0.81201171875
Sho Sakurai,0.8119913736979166
Nivetha Thomas,0.8115234375
Laima Vaikule,0.8115234375
Mihiro,0.8114013671875
Fred Savage,0.81103515625
Chang Chen,0.81103515625
Mahendra Singh Dhoni,0.8107096354166666
Issa Rae,0.810546875
Rami Ayash,0.81048583984375
Kaliopi,0.81005859375
Jeon Do-yeon,0.81005859375
Richard Mofe-Damijo,0.80975341796875
Aaron Carter,0.8095703125
S. P,0.8093668619791666
Jeon Hae-rim,0.80908203125
Alicia Vikander,0.8087972005208334
Tiwa Savage,0.80859375
Elizabeth Olsen,0.80859375
Mamta Kulkarni,0.8082275390625
Emma Thompson,0.80810546875
Kei Nishikori,0.80804443359375
Sonu Sood,0.8076171875
Karolina Gočeva,0.8076171875
Oka Antara,0.80718994140625
Rosario Dawson,0.80712890625
Lisa Fernandez,0.8070068359375
Marina Nill,0.806640625
Waheeda Rehman,0.806640625
Gina Rodriguez,0.8066202799479166
Mary-Kate and Ashley Olsen,0.80615234375
Pete Edochie,0.8061116536458334
Christian Bautista,0.8056640625
Lady Gaga,0.8056640625
Graham Greene,0.80535888671875
Aditi Rao Hydari,0.80517578125
Wayne Gretzky,0.8046875
Dino Lee,0.8046875
Jessica Chastain,0.8044840494791666
Naoto Takenaka,0.80419921875
Sessue Hayakawa,0.8040771484375
AngelaBaby (Yang Ying),0.8037109375
Mila Jovovic,0.8037109375
Prithviraj Sukumaran,0.8033854166666666
Lionel Richie,0.80322265625
David Tao,0.8030192057291666
RPB,0.802734375
Alisher Uzoqov,0.8026326497395834
Juliette Binoche,0.80224609375
Jessica Ennis-Hill,0.80224609375
Kunal Khemu,0.80194091796875
Britney Spears,0.8017578125
Kristi Yamaguchi,0.80145263671875
Shahid Kapoor,0.80126953125
Shaun White,0.801025390625
Ding Ning,0.80078125
Tadanobu Asano,0.80059814453125
Rajkummar Rao,0.80029296875
Son Heung-min,0.8000895182291666
Jing Tian,0.7998046875
Kathy Bates,0.79962158203125
Nawal El Kuwaitia,0.79931640625
Haruki Murakami,0.7991943359375
Peyton Manning,0.798828125
Rashmika Mandanna,0.798828125
Shu Qi,0.79840087890625
Niti Taylor,0.79833984375
Sean Astin,0.7979939778645834
Oprah Winfrey,0.7978515625
Saina Nehwal,0.79779052734375
Rishi Kapoor,0.79736328125
Abigail Breslin,0.79730224609375
Chung Hyeon,0.796875
James Franco,0.796875
Lea Michele,0.7966512044270834
Liam Neeson,0.79638671875
Fiona May,0.796142578125
Rade Šerbedžija,0.7958984375
Haile Gebrselassie,0.79571533203125
Kendrick Lamar,0.79541015625
Jamie Lee Curtis,0.79522705078125
Emma Stone,0.794921875
Tracy Austin,0.7945556640625
Djimon Hounsou,0.79443359375
Michael Fassbender,0.7940877278645834
Candice Swanepoel,0.7939453125
George Takei,0.7936197916666666
Ricardo Montaner,0.79345703125
Sonakshi Sinha,0.7931925455729166
Sheena Ringo,0.79296875
Saoirse Ronan,0.7928059895833334
Chen Bolin,0.79248046875
Osamu Tezuka,0.7921956380208334
Rinko Kikuchi,0.7919921875
Ralph Fiennes,0.7917683919270834
Auli'i Cravalho,0.79150390625
Marcel Hirscher,0.7912801106770834
José Ferrer,0.791015625
Beto Cuevas,0.7907307942708334
Matt Damon,0.79052734375
Daniel Day-Lewis,0.7902628580729166
Frida Kahlo,0.7900390625
Shafqat Amanat Ali,0.7896321614583334
Letitia Wright,0.78955078125
Raghav Juyal,0.7891642252604166
Yuki Kawauchi,0.7890625
Kairat Nurtas,0.7885945638020834
Sylvester Stallone,0.7885335286458334
Helen Mirren,0.7880859375
Mouni Roy,0.7880045572916666
Sidharth Malhotra,0.78759765625
Christian Bale,0.7875569661458334
Roberto Gómez Bolaños,0.787109375
Jr,0.7868855794270834
Maya Moore,0.78662109375
Margot Robbie,0.7864176432291666
Eugenio Derbez,0.7861328125
Bindi Irwin,0.7859090169270834
Kristofer Hivju,0.78564453125
Joseph Cheng,0.7853190104166666
Isha Talwar,0.78515625
Helen Hunt,0.7847696940104166
Alina Zagitova,0.78466796875
Prateik Babbar,0.78424072265625
Vishal Krishna,0.7841593424479166
Mohammed Zeeshan Ayyub,0.78369140625
Lawrence Wong,0.78369140625
Taraneh Alidoosti,0.78326416015625
Thet Mon Myint,0.7829386393229166
Fann Wong,0.78271484375
Katarina Johnson-Thompson,0.7823486328125
Hani Mitwasi,0.7822265625
Kim Hyo-yeon,0.7817586263020834
Sonoya Mizuno,0.78173828125
Jeon Ji-hyun,0.7814127604166666
Michael Phelps,0.78125
Vikram,0.7808837890625
Manizha,0.78076171875
Ram Pothineni,0.78045654296875
Shila Amzah,0.7802734375
Gary Coleman,0.7798665364583334
Vivian Cheruiyot,0.7795003255208334
Thalía,0.779296875
Sharmila Tagore,0.7788899739583334
Tilda Swinton,0.7785441080729166
Chris Hemsworth,0.7783203125
Jake Gyllenhaal,0.77783203125
Rayhon,0.7776082356770834
Demi Lovato,0.77734375
Jessica Lange,0.77691650390625
Michelle Kwan,0.7767537434895834
Konkona Sen Sharma,0.7763671875
Kelly Chen,0.7759602864583334
Adriana Lima,0.77569580078125
Kerli,0.775390625
Nivin Pauly,0.775146484375
Akkineni Nagarjuna,0.77484130859375
Katrina Kaif,0.7744140625
Maria Toorpakai Wazir,0.7741495768229166
Sarah Ayu,0.77392578125
Troy Aikman,0.7738037109375
Arvind Swami,0.7734375
Hina Khan,0.77301025390625
Yvonne Okoro,0.77294921875
Hema Malini,0.7725626627604166
Nusrat Fateh Ali Khan,0.7722981770833334
Thora Birch,0.77197265625
Hyun Bin,0.7715047200520834
Mira Filzah,0.77142333984375
Eugene,0.77099609375
Marsai Martin,0.7706298828125
Crystal Reed,0.7703653971354166
Tiger Shroff,0.77001953125
Don Cheadle,0.7697347005208334
Harrison Ford,0.76953125
Robert Downey Jr.,0.76910400390625
Keanu Reeves,0.7688191731770834
John Dumelo,0.7685546875
Yvonne Nelson,0.76806640625
Arvydas Sabonis,0.7679036458333334
Zoe Saldaña,0.767578125
Cardi B,0.7672932942708334
Muna Fadil,0.7670491536458334
Sasha Cohen,0.7666015625
Amitabh Bachchan,0.7663777669270834
Mahira Khan,0.76611328125
Rain (Jung Ji-hoon),0.7656656901041666
Tiger JK,0.7653605143229166
Macaulay Culkin,0.76513671875
Maudy Ayunda,0.7648722330729166
Tamannaah,0.7646484375
Sergio Agüero,0.76422119140625
Lisa Leslie,0.7638346354166666
Larry Bird,0.763671875
Tracee Ellis Ross,0.76324462890625
Kang Ha-neul,0.7628377278645834
Scarlett Johansson,0.76251220703125
Temuera Morrison,0.76220703125
Kang So-ra,0.76171875
Ricky Martin,0.7612508138020834
Tiger Woods,0.7610880533854166
Bill Murray,0.7607421875
Bobby Tonelli,0.7604573567708334
Ryan Giggs,0.7602132161458334
Jemaine Clement,0.759765625
Fan Bingbing,0.7595011393229166
Los Kjarkas,0.7591552734375
Maya Arulpragasam,0.7587890625
Aishwarya Rai Bachchan,0.7583414713541666
Robin Williams,0.7580973307291666
Eros Ramazzotti,0.7578125
Crystal Lee,0.7574055989583334
Pedro Suárez Vértiz,0.7569580078125
Ella Chen,0.7567138671875
Justin Bieber,0.75634765625
Celina Jade,0.7560017903645834
Santana,0.7554931640625
Mon Laferte,0.75506591796875
So Ji-sub,0.754638671875
Liu Yifei,0.7542521158854166
Lakshmi Menon,0.75390625
Grace Jones,0.7534383138020834
Paresh Rawal,0.7529703776041666
Ahmed Helmy,0.7526448567708334
Mylene Dizon,0.75244140625
Robert Pattinson,0.7520345052083334
Bob Marley,0.7516276041666666
Katie Ledecky,0.7512410481770834
Kim Yoo-jin,0.7509765625
Macauley Culkin,0.7505696614583334
Carla Ortiz,0.7501627604166666
Masaharu Fukuyama,0.7498372395833334
Jung Yun-ho,0.7493489583333334
Jemal Saparowa,0.7490234375
Vicente Fernández,0.74859619140625
Michelle Chong,0.748291015625
Novak Djokovic,0.7479654947916666
Tommy Lee Jones,0.7474568684895834
Ruslana Korshunova,0.7470296223958334
Dakota Fanning,0.74658203125
Isabelle Huppert,0.7463582356770834
Huang Yi,0.74591064453125
Simone Biles,0.7454833984375
Sri Divya,0.7450154622395834
Zhang Yimou,0.7445475260416666
John Cho,0.7440185546875
Jose Antonio Vargas,0.7435506184895834
Roger Federer,0.74310302734375
Mizushima Hiro,0.74249267578125
Ricardo Darín,0.7421061197916666
Daniel Craig,0.74169921875
Benjamín Vicuña,0.7412923177083334
John Malkovich,0.74102783203125
Shah Rukh Khan,0.7403564453125
Eddie Redmayne,0.739990234375
Ethan Hawke,0.7393798828125
Manisha Koirala,0.73883056640625
Akhil Akkineni,0.7382405598958334
Tessa Thompson,0.7376505533854166
Babe Didrikson Zaharias,0.7371419270833334
Natalie Wood,0.73675537109375
Mamta Mohandas,0.7361246744791666
Shin Min-a,0.7356363932291666
Lil Rick,0.7352498372395834
Justin Timberlake,0.7346598307291666
Samuel Eto'o,0.734130859375
Gautham Karthik,0.7336629231770834
Miranda Tapsell,0.7330118815104166
Tony Yang,0.7324625651041666
Laurence Fishburne,0.73199462890625
Rahul Khanna,0.7314656575520834
Jerrold Tarog,0.7308146158854166
Shanvi Srivastava,0.73028564453125
Sofia Vergara,0.7297159830729166
Milton Cortez,0.7292683919270834
Zinedine Zidane,0.728759765625
Sarah Geronimo,0.7281697591145834
Gustavo Cerati,0.7276204427083334
Rodrigo Santoro,0.7270304361979166
Cynthia Nixon,0.7264200846354166
Anthony Hopkins,0.7259724934895834
Alexandria Ocasio-Cortez,0.72552490234375
Shabana Azmi,0.7250773111979166
Anne Curtis,0.7245890299479166
Atiqa Odho,0.72406005859375
Kim Hyun-ah,0.7235514322916666
Sivaji Ganesan,0.7230631510416666
Michelle Yeoh,0.7224527994791666
Vijender Singh,0.721923828125
Hana Mae Lee,0.72137451171875
Priyanka Karki,0.7209065755208334
Ava DuVernay,0.7204182942708334
Lee Min-ho,0.7196044921875
Gong Li,0.7190144856770834
Fahadh Faasil,0.7185465494791666
Whoopi Goldberg,0.7179972330729166
Monica Seles,0.7175089518229166
Brandy Norwood,0.7168986002604166
Davika Hoorne,0.7164306640625
Sid Lucero,0.7158406575520834
Lisa Surihani,0.71527099609375
Ali Zafar,0.71478271484375
Rigoberta Menchú,0.71405029296875
Vlado Janevski,0.7135823567708334
Gong Min-ji (Minzy),0.7130330403645834
Sofia Andres,0.71240234375
Beren Saat,0.7120157877604166
Nicholas Tse,0.7114664713541666
Chadwick Boseman,0.7108561197916666
Chris Evans,0.7102254231770834
Shannon,0.7095540364583334
Kumail Nanjiani,0.7090047200520834
Preity Zinta,0.7084757486979166
Choi Min-sik,0.7078653971354166
Keira Knightley,0.70751953125
Sheena Halili,0.70697021484375
Darshan Kumar,0.7064005533854166
Zoe Saldana,0.7059326171875
Daniel Henney,0.7053426106770834
Zazie Beetz,0.7047932942708334
Don Francisco,0.7042236328125
Nikita Willy,0.7035319010416666
Alan Yang,0.7030436197916666
Beulah Koale,0.7023722330729166
Salvador Dalí,0.7014973958333334
Shin Se-kyung,0.7008056640625
Tamer Malas,0.6999918619791666
Iko Uwais,0.6991984049479166
Kim Tae-hee,0.6984659830729166
Tahar Rahim,0.6978352864583334
Yuh-Jung Youn,0.6970418294270834
Yadier Molina,0.6966552734375
Alec Baldwin,0.6960245768229166
Jyothika,0.6952921549479166
Evgenia Medvedeva,0.6946004231770834
Keisha Castle-Hughes,0.69378662109375
Jay Park,0.6929524739583334
Colin Firth,0.6921183268229166
Nav,0.691650390625
Emilio Estefan,0.6909586588541666
Tom Wu,0.6902872721354166
Phillipa Soo,0.68963623046875
Parvez Bhagat,0.6888020833333334
Adrián Uribe,0.6881510416666666
Hassan El Shafei,0.6873982747395834
Amy Jackson,0.686767578125
Eugenia Suárez,0.6859944661458334
Jonathan Taylor Thomas,0.6849161783854166
Misty Copeland,0.6841023763020834
Kevin Bacon,0.683349609375
Asin Thottumkal,0.68255615234375
Lapi Mariner,0.6816813151041666
U-Know Yunho,0.680908203125
Demi Moore,0.68017578125
Nicole Kidman,0.6793009440104166
Michael Caine,0.6785074869791666
Madina Saduakasova,0.6776936848958334
Song Hye-kyo,0.6768391927083334
Daniel Dae Kim,0.6759236653645834
Takuya Kimura,0.6751708984375
Larisa Latynina,0.6740926106770834
Carlos Agassi,0.6729939778645834
Peter Gene Hernandez,0.6723225911458334
Sean Penn,0.6715291341145834
Lena Dunham,0.6705118815104166
Jam Hsiao,0.66943359375
Ewan McGregor,0.6684977213541666
Shanina Shaik,0.6676228841145834
Taron Egerton,0.66650390625
Hikaru Utada,0.6651204427083334
Kriti Kharbanda,0.6640828450520834
Jamie Lynn Spears,0.6631062825520834
Claire Foy,0.6619059244791666
Kate Blanchett,0.6611124674479166
Sarah Lahbati,0.6603190104166666
Park So-dam,0.658935546875
Marion Cotillard,0.6578572591145834
Svetlana Alexievich,0.65655517578125
Shelly-Ann Fraser-Pryce,0.6554158528645834
Alyona Lanskaya,0.6543986002604166
Mark Zuckerberg,0.65338134765625
Lucas Pouille,0.6521199544270834
Ayah Bdeir,0.6509602864583334
Nora Fatehi,0.6501668294270834
Omotola Jalade Ekeinde,0.6490885416666666
Nargis Fakhri,0.6482747395833334
Sezairi Sezali,0.64715576171875
Huang Zitao,0.64605712890625
Lata Mangeshkar,0.6450602213541666
Gerard Butler,0.6442667643229166
Yao Ming,0.643310546875
Tantoo Cardinal,0.64202880859375
Melissa Gilbert,0.6407063802083334
Ben Platt,0.6396077473958334
Jonas Brothers,0.6385498046875
Charlize Theron,0.63720703125
Adrien Brody,0.6357625325520834
Benjamin Bratt,0.6347859700520834
Miley Cyrus,0.63336181640625
Lovi Poe,0.6322021484375
Cillian Murphy,0.630615234375
Lana Condor,0.6295572916666666
Bryan Cranston,0.6284586588541666
Björk,0.6269124348958334
Manuel Neuer,0.6252237955729166
Park Seo-joon,0.62371826171875
Zubeen Garg,0.6218465169270834
Ananya Panday,0.6201375325520834
Taye Diggs,0.6177978515625
Jorge Negrete,0.61541748046875
Taraji P,0.6138916015625
Luis Suárez,0.61175537109375
Ji Chang-wook,0.6097005208333334
Han Hyo-joo,0.6079915364583334
Jo In-sung,0.6063028971354166
Ana Ivanović,0.6043497721354166
Dia Mirza,0.6024983723958334
Sushant Singh Rajput,0.60076904296875
Ali Fazal,0.59881591796875
Lee Chong Wei,0.5967000325520834
Ella Aminuddin,0.5947672526041666
Amber Liu,0.5926717122395834
Hima Das,0.5908203125
Jana Burčeska,0.5883382161458334
Shakira,0.5854695638020834
Morgan Freeman,0.58331298828125
Sung Kang,0.58135986328125
Edwin Moses,0.5793050130208334
Christina Ricci,0.5770467122395834
Kunal Nayyar,0.5742594401041666
Manny Pacquiao,0.5711873372395834
Izara Aishah,0.5688273111979166
Will Pan,0.56634521484375
Bong Joon-ho,0.563232421875
Haruma Miura,0.5602213541666666
Aidana Medenova,0.5570882161458334
Whitney Houston,0.5540568033854166
Lou Diamond Phillips,0.55029296875
Nicole Scherzinger,0.5463460286458334
Kriti Sanon,0.5434773763020834
Timothée Chalamet,0.539794921875
Wu Jinyan,0.5358479817708334
Sebastián Yatra,0.5303141276041666
Antonio Banderas,0.5245768229166666
Namie Amuro,0.52001953125
Angela Bassett,0.5154012044270834
Jet Li,0.5087076822916666
Christopher Nolan,0.503021240234375
Vic Zhou,0.4964396158854167
Holly Hunter,0.4884847005208333
Hicham El Guerrouj,0.4780782063802083
Goldie Hawn,0.46917724609375
Rohit Sharma,0.456512451171875
BoA (Kwon Bo-ah),0.4456075032552083
Marit Bjørgen,0.4325663248697917
Isabelle Kaif,0.4161376953125
Magic Johnson,0.3914693196614583
John Legend,0.35400390625
